"DisplayName","DisplayVersion","Publisher","InstallLocation","UninstallString"
"7-Zip 26.02 (x64)","26.02","Igor Pavlov","C:\Program Files\7-Zip\","""C:\Program Files\7-Zip\Uninstall.exe"""
"Amazon Games","3.0.9782.3","Amazon.com Services, Inc.","C:\Users\enrik\AppData\Local\Amazon Games\App","""C:\Users\enrik\AppData\Local\Amazon Games\App\Uninstall Amazon Games.exe"" /X{4DD10B06-78A4-4E6F-AA39-25E9C38FA568}"
"AMD Chipset Software","8.02.18.557","Advanced Micro Devices, Inc.",,"""C:\Program Files (x86)\AMD\Chipset_Software\QT_Dependencies\Setup.exe"" /U {be7d92a7-48a3-4400-a6bd-f687db0c75a8}"
"AMD GPIO2 Driver","2.2.0.130","Advanced Micro Devices, Inc.",,"MsiExec.exe /X{E9DD399F-21A3-479E-A7DF-D6CF4B2ADBF3}"
"AMD PCI Driver","1.0.0.90","Advanced Micro Devices, Inc.",,"MsiExec.exe /X{80EC3CEE-2940-42A1-A776-B5D810D39F1E}"
"AMD PSP Driver","5.27.0.0","Advanced Micro Devices, Inc.",,"MsiExec.exe /X{988F14B8-79A8-475D-BAC7-83F96AD3D821}"
"AMD Ryzen Balanced Driver","8.0.0.13","Advanced Micro Devices, Inc.",,"MsiExec.exe /X{A171D320-C42C-4F3B-A2D8-C6A09F6788CC}"
"AMD Ryzen Master","2.14.2.3341","Advanced Micro Devices, Inc.","C:\Program Files\AMD\RyzenMaster\","MsiExec.exe /X{02247819-03CD-414E-AC8D-FD518BFBA445}"
"AMD SBxxx SMBus Driver","5.12.0.38","Advanced Micro Devices, Inc.",,"MsiExec.exe /X{AAE0E27D-C88A-49BA-8715-77ADCD4286A3}"
"AMD_Chipset_Drivers","8.02.18.557","Advanced Micro Devices, Inc.",,"MsiExec.exe /X{be7d92a7-48a3-4400-a6bd-f687db0c75a8}"
"Android SDK Platform-Tools","37.0.1","Google LLC","C:\Users\enrik\AppData\Local\Microsoft\WinGet\Packages\Google.PlatformTools_Microsoft.Winget.Source_8wekyb3d8bbwe","winget uninstall --product-code Google.PlatformTools_Microsoft.Winget.Source_8wekyb3d8bbwe"
"Anniversaire de Burning Crusade",,"Blizzard Entertainment","F:\World of Warcraft","""C:\ProgramData\Battle.net\Agent\Blizzard Uninstaller.exe"" --lang=frFR --uid=wow_classic_anniversary --displayname=""Anniversaire de Burning Crusade"""
"Application Verifier x64 External Package (DesktopEditions)","10.1.26100.7705","Microsoft","","MsiExec.exe /I{D75B3C63-F3BB-5EC1-45A7-15C00BBB9D3F}"
"Application Verifier x64 External Package (OnecoreUAP)","10.1.26100.7705","Microsoft","","MsiExec.exe /I{601DDF69-FCF4-F568-946A-C17046C946E4}"
"Ascension Launcher 1.0.102","1.0.102",,,"""F:\Ascension\Launcher\Uninstall Ascension Launcher.exe"" /currentuser"
"b3sum","1.8.6","BLAKE3 Team","C:\Program Files\WinGet\Packages\BLAKE3-Team.b3sum_Microsoft.Winget.Source_8wekyb3d8bbwe","winget uninstall --product-code BLAKE3-Team.b3sum_Microsoft.Winget.Source_8wekyb3d8bbwe"
"Battle.net",,"Blizzard Entertainment","C:\Program Files (x86)\Battle.net","""C:\ProgramData\Battle.net\Agent\Blizzard Uninstaller.exe"" --lang=frFR --uid=battle.net --displayname=""Battle.net"""
"BCUninstaller 6.2.0.0","6.2.0.0","Marcin Szeniak","C:\Program Files\BCUninstaller\","""C:\Program Files\BCUninstaller\unins000.exe"""
"Black Desert",,"Pearl Abyss",,"""C:\Program Files (x86)\Steam\steam.exe"" steam://uninstall/582660"
"Brave","151.1.93.136","Auteurs de Brave","C:\Program Files\BraveSoftware\Brave-Browser\Application","""C:\Program Files\BraveSoftware\Brave-Browser\Application\151.1.93.136\Installer\setup.exe"" --uninstall --system-level"
"Cataclysm Classic",,"Blizzard Entertainment","F:\World of Warcraft","""C:\ProgramData\Battle.net\Agent\Blizzard Uninstaller.exe"" --lang=frFR --uid=wow_classic --displayname=""Cataclysm Classic"""
"cloudflared","2026.8.1","cloudflare","","MsiExec.exe /I{D2593907-9C6A-4E0F-866E-EF63090E3F28}"
"CMake","4.4.2","Kitware","C:\Program Files\CMake\","MsiExec.exe /X{FC736DD8-6752-42F6-AF6B-472C3DB2A3BE}"
"Core Keeper",,"Pugstorm","D:\SteamLibrary\steamapps\common\Core Keeper","""C:\Program Files (x86)\Steam\steam.exe"" steam://uninstall/1621690"
"Corepunk Launcher","1.0.0","Artificial Core","F:\Corepunk Launcher\","""F:\Corepunk Launcher\unins000.exe"""
"Diablo II Resurrected",,"Blizzard Entertainment","E:\Jeux\Diablo II Resurrected","""C:\ProgramData\Battle.net\Agent\Blizzard Uninstaller.exe"" --lang=frFR --uid=osi --displayname=""Diablo II Resurrected"""
"Diablo III",,"Blizzard Entertainment","E:\Jeux\Diablo III","""C:\ProgramData\Battle.net\Agent\Blizzard Uninstaller.exe"" --lang=frFR --uid=diablo3 --displayname=""Diablo III"""
"Diablo Immortal",,"Blizzard Entertainment","E:\Jeux\Diablo Immortal","""C:\ProgramData\Battle.net\Agent\Blizzard Uninstaller.exe"" --lang=enUS --uid=anbs --displayname=""Diablo Immortal"""
"Diablo IV",,"Blizzard Entertainment","E:\Jeux\Diablo IV","""C:\ProgramData\Battle.net\Agent\Blizzard Uninstaller.exe"" --lang=frFR --uid=fenris --displayname=""Diablo IV"""
"DiagnosticsHub_CollectionService","17.14.36412","Microsoft Corporation","","MsiExec.exe /I{C762588C-06DE-496A-8ADF-EBDBD49E37B5}"
"Discord","1.0.9252","Discord Inc.","C:\Users\enrik\AppData\Local\Discord","C:\Users\enrik\AppData\Local\Discord\Update.exe --uninstall"
"Dota 2",,"Valve","D:\SteamLibrary\steamapps\common\dota 2 beta","""C:\Program Files (x86)\Steam\steam.exe"" steam://uninstall/570"
"Eclipse Temurin JDK avec Hotspot 17.0.19+10 (x64)","17.0.19.10","Eclipse Adoptium","C:\Program Files\Eclipse Adoptium\jdk-17.0.19.10-hotspot\","MsiExec.exe /I{5F50AB39-176A-4911-9757-825AA21504AC}"
"Epic Games Launcher","1.3.193.0","Epic Games, Inc.","C:\Program Files\Epic Games\","MsiExec.exe /X{06A7FCCF-73E1-434C-A3E6-7ACE21622B8A}"
"Epic Online Services","5.1.0","Epic Games, Inc.","","MsiExec.exe /X{46277FA1-5E03-4933-9CE1-D9905D55E49C}"
"fastfetch","2.67.1","fastfetch-cli","C:\Users\enrik\AppData\Local\Microsoft\WinGet\Packages\Fastfetch-cli.Fastfetch_Microsoft.Winget.Source_8wekyb3d8bbwe","winget uninstall --product-code Fastfetch-cli.Fastfetch_Microsoft.Winget.Source_8wekyb3d8bbwe"
"FragPunk",,"Bad Guitar Studio","E:\SteamLibrary\steamapps\common\FragPunk","""C:\Program Files (x86)\Steam\steam.exe"" steam://uninstall/2943650"
"Git","2.55.0.3","The Git Development Community","C:\Program Files\Git\","""C:\Program Files\Git\unins001.exe"""
"GitHub CLI","2.97.0","GitHub, Inc.","","MsiExec.exe /X{16394977-6CA9-462C-99D8-7ABC61F1810B}"
"GOG GALAXY","2.1.8.30","GOG.com","D:\GOG Galaxy\","""D:\GOG Galaxy\unins001.exe"""
"Google AI Studio","1.0","BraveSoftware\Brave-Browser",,"""C:\Program Files\BraveSoftware\Brave-Browser\Application\brave.exe"" --profile-directory=Default --uninstall-app-id=bcmmjkglicliekcndffbfgcfopnidllp"
"Graveyard Keeper",,"Lazy Bear Games","E:\SteamLibrary\steamapps\common\Graveyard Keeper","""C:\Program Files (x86)\Steam\steam.exe"" steam://uninstall/599140"
"Guild Wars 2",,"ArenaNet®","E:\SteamLibrary\steamapps\common\Guild Wars 2","""C:\Program Files (x86)\Steam\steam.exe"" steam://uninstall/1284210"
"Hearthstone",,"Blizzard Entertainment","E:\Jeux\Hearthstone","""C:\ProgramData\Battle.net\Agent\Blizzard Uninstaller.exe"" --lang=frFR --uid=hs_beta --displayname=""Hearthstone"""
"Heartwood Online",,"E Bros","E:\SteamLibrary\steamapps\common\Heartwood Online","""C:\Program Files (x86)\Steam\steam.exe"" steam://uninstall/2180600"
"Heroes of the Storm",,"Blizzard Entertainment","E:\Jeux\Heroes of the Storm","""C:\ProgramData\Battle.net\Agent\Blizzard Uninstaller.exe"" --lang=frFR --uid=heroes --displayname=""Heroes of the Storm"""
"ImageMagick 7.1.2-29 Q16-HDRI (64-bit) (2026-07-27)","7.1.2.29","ImageMagick Studio LLC","C:\Program Files\ImageMagick-7.1.2-Q16-HDRI\","""C:\Program Files\ImageMagick-7.1.2-Q16-HDRI\unins000.exe"""
"Iriun Webcam",,,,"C:\Program Files (x86)\Iriun Webcam\uninstall.exe"
"Kits Configuration Installer","10.1.26100.7705","Microsoft","","MsiExec.exe /I{43506B27-889E-2F0F-F8BE-4AEBE7CC9249}"
"League of Legends",,"Riot Games, Inc","D:\Riot Games\League of Legends","""D:\Riot Games\Riot Client\RiotClientServices.exe"" --uninstall-product=league_of_legends --uninstall-patchline=live"
"LibreOffice 26.2.5.2","26.2.5.2","The Document Foundation","C:\Program Files\LibreOffice\","MsiExec.exe /I{3B467719-C25B-478C-8F4C-8E2EDA0E2093}"
"Logitech G HUB","2026.5.939708","Logitech",,"""C:\Program Files\LGHUB\lghub_software_manager.exe"""
"Microsoft .NET Host - 10.0.11 (x64)","80.44.56884","Microsoft Corporation","","MsiExec.exe /X{E1510730-5A34-4EF3-B865-84351D8BF1BA}"
"Microsoft .NET Host - 10.0.11 (x86)","80.44.56884","Microsoft Corporation","","MsiExec.exe /X{3294662B-7F31-4682-87C8-11C20EFC16B2}"
"Microsoft .NET Host - 6.0.36 (x64)","48.144.23141","Microsoft Corporation","","MsiExec.exe /X{D6932D97-36F1-40B8-9CDC-CA8365B21000}"
"Microsoft .NET Host - 8.0.30 (x64)","64.120.56788","Microsoft Corporation","","MsiExec.exe /X{01FD5326-81BD-4DEA-9F01-3D69BBDDA75E}"
"Microsoft .NET Host - 9.0.19 (x64)","72.76.56792","Microsoft Corporation","","MsiExec.exe /X{C248215D-6C6B-404A-AB6E-505D4640E205}"
"Microsoft .NET Host FX Resolver - 10.0.11 (x64)","80.44.56884","Microsoft Corporation","","MsiExec.exe /X{208D3FC0-B592-4221-8E53-6B21621E9951}"
"Microsoft .NET Host FX Resolver - 10.0.11 (x86)","80.44.56884","Microsoft Corporation","","MsiExec.exe /X{F257F19C-D6EB-422B-B698-8C0F85E279A6}"
"Microsoft .NET Host FX Resolver - 6.0.36 (x64)","48.144.23141","Microsoft Corporation","","MsiExec.exe /X{A9E32B25-994B-4856-A12B-0EBED3050410}"
"Microsoft .NET Host FX Resolver - 8.0.30 (x64)","64.120.56788","Microsoft Corporation","","MsiExec.exe /X{563AD235-9445-4075-8F11-C4D08A8E639B}"
"Microsoft .NET Host FX Resolver - 9.0.19 (x64)","72.76.56792","Microsoft Corporation","","MsiExec.exe /X{13EF0513-4B2F-4375-B65B-2C89BFCFFB83}"
"Microsoft .NET Runtime - 10.0.11 (x64)","80.44.56884","Microsoft Corporation","","MsiExec.exe /X{0B4F3EF1-06F1-46E4-B662-A33DECC02141}"
"Microsoft .NET Runtime - 10.0.11 (x86)","80.44.56884","Microsoft Corporation","","MsiExec.exe /X{00DF1FF7-77D5-475D-9067-0D048B5798BF}"
"Microsoft .NET Runtime - 6.0.36 (x64)","48.144.23141","Microsoft Corporation","","MsiExec.exe /X{C912E33F-956A-4921-9F55-CC11AE8F09AF}"
"Microsoft .NET Runtime - 8.0.30 (x64)","64.120.56788","Microsoft Corporation","","MsiExec.exe /X{D629906C-1E1C-4728-AB21-81690B4F435C}"
"Microsoft .NET Runtime - 9.0.19 (x64)","72.76.56792","Microsoft Corporation","","MsiExec.exe /X{B482E2FD-38BB-43F2-8E97-0B7CB485EF18}"
"Microsoft Edge WebView2 Runtime","143.0.3650.139","Microsoft Corporation","C:\Program Files (x86)\Microsoft\EdgeWebView\Application","""C:\Program Files (x86)\Microsoft\EdgeWebView\Application\143.0.3650.139\Installer\setup.exe"" --uninstall --msedgewebview --system-level --verbose-logging"
"Microsoft GameInput","3.4.218.0","Microsoft Corporation","","MsiExec.exe /I{00791D71-93CB-4E56-A831-7DD6DF6626C8}"
"Microsoft ODBC Driver 18 for SQL Server","18.6.2.1","Microsoft Corporation","","MsiExec.exe /I{ACE6F31B-26B6-4A28-B814-10D94FAE5D73}"
"Microsoft OLE DB Driver 19 pour SQL Server","19.4.1.0","Microsoft Corporation","","MsiExec.exe /I{E474C9B2-6DB3-4A23-BEBC-4311CEC5D416}"
"Microsoft Visual Basic/C++ Runtime (x86)","1.1.0","Microsoft Corporation","","MsiExec.exe /X{C5E3A69D-D391-45A6-A8FB-00B01E2B010D}"
"Microsoft Visual C++ 2005 Redistributable","8.0.61187","Microsoft Corporation","","MsiExec.exe /X{710f4c1c-cc18-4c49-8cbf-51240c89a1a2}"
"Microsoft Visual C++ 2005 Redistributable (x64)","8.0.61186","Microsoft Corporation","","MsiExec.exe /X{ad8a2fa1-06e7-4b0d-927d-6e54b3d31028}"
"Microsoft Visual C++ 2008 Redistributable - x64 9.0.30729.7523","9.0.30729.7523","Microsoft Corporation","","MsiExec.exe /X{5FCE6D76-F5DC-37AB-B2B8-22AB8CEDB1D4}"
"Microsoft Visual C++ 2008 Redistributable - x86 9.0.30729.7523","9.0.30729.7523","Microsoft Corporation","","MsiExec.exe /X{9BE518E6-ECC6-35A9-88E4-87755C07200F}"
"Microsoft Visual C++ 2010  x64 Redistributable - 10.0.40219","10.0.40219","Microsoft Corporation","","MsiExec.exe /X{1D8E6291-B0D5-35EC-8441-6616F567A0F7}"
"Microsoft Visual C++ 2010  x86 Redistributable - 10.0.40219","10.0.40219","Microsoft Corporation","","MsiExec.exe /X{F0C3E5D1-1ADE-321E-8167-68EF0DE699A5}"
"Microsoft Visual C++ 2012 x64 Additional Runtime - 11.0.61135","11.0.61135","Microsoft Corporation","","MsiExec.exe /X{37B8F9C7-03FB-3253-8781-2517C99D7C00}"
"Microsoft Visual C++ 2012 x64 Minimum Runtime - 11.0.61135","11.0.61135","Microsoft Corporation","","MsiExec.exe /X{CF2BEA3C-26EA-32F8-AA9B-331F7E34BA97}"
"Microsoft Visual C++ 2012 x86 Additional Runtime - 11.0.61135","11.0.61135","Microsoft Corporation","","MsiExec.exe /X{B175520C-86A2-35A7-8619-86DC379688B9}"
"Microsoft Visual C++ 2012 x86 Minimum Runtime - 11.0.61135","11.0.61135","Microsoft Corporation","","MsiExec.exe /X{BD95A8CD-1D9F-35AD-981A-3E7925026EBB}"
"Microsoft Visual C++ 2013 x64 Additional Runtime - 12.0.40664","12.0.40664","Microsoft Corporation","","MsiExec.exe /X{010792BA-551A-3AC0-A7EF-0FAB4156C382}"
"Microsoft Visual C++ 2013 x64 Minimum Runtime - 12.0.40664","12.0.40664","Microsoft Corporation","","MsiExec.exe /X{53CF6934-A98D-3D84-9146-FC4EDF3D5641}"
"Microsoft Visual C++ 2013 x86 Additional Runtime - 12.0.40664","12.0.40664","Microsoft Corporation","","MsiExec.exe /X{D401961D-3A20-3AC7-943B-6139D5BD490A}"
"Microsoft Visual C++ 2013 x86 Minimum Runtime - 12.0.40664","12.0.40664","Microsoft Corporation","","MsiExec.exe /X{8122DAB1-ED4D-3676-BB0A-CA368196543E}"
"Microsoft Visual C++ 2022 X64 Additional Runtime - 14.51.36247","14.51.36247","Microsoft Corporation","","MsiExec.exe /I{6FA797CF-6B76-4B6D-87EE-768F92008720}"
"Microsoft Visual C++ 2022 X64 Debug Runtime - 14.44.35211","14.44.35211","Microsoft Corporation","","MsiExec.exe /I{FE85AA49-3522-4663-9F52-9CD9E9837189}"
"Microsoft Visual C++ 2022 X64 Minimum Runtime - 14.51.36247","14.51.36247","Microsoft Corporation","","MsiExec.exe /I{931A2CF0-2404-45EA-82F5-345735AE6A90}"
"Microsoft Visual C++ 2022 X86 Additional Runtime - 14.51.36247","14.51.36247","Microsoft Corporation","","MsiExec.exe /I{582BA719-E6F1-4651-A873-049E6A0DDDAF}"
"Microsoft Visual C++ 2022 X86 Debug Runtime - 14.44.35211","14.44.35211","Microsoft Corporation","","MsiExec.exe /I{BC104582-4691-4D4C-8922-C215D941A2EB}"
"Microsoft Visual C++ 2022 X86 Minimum Runtime - 14.51.36247","14.51.36247","Microsoft Corporation","","MsiExec.exe /I{4BF7CE18-E151-449F-9190-6CDBED0BB4A2}"
"Microsoft Visual C++ v14 Redistributable (x64) - 14.51.36247","14.51.36247.0","Microsoft Corporation",,"""C:\ProgramData\Package Cache\{0e3bb569-69d6-4c34-bff9-c2f81db5e5f0}\VC_redist.x64.exe""  /uninstall"
"Microsoft Visual C++ v14 Redistributable (x86) - 14.51.36247","14.51.36247.0","Microsoft Corporation",,"""C:\ProgramData\Package Cache\{9a6ce18d-11c0-4452-aa35-9f2b8437c686}\VC_redist.x86.exe""  /uninstall"
"Microsoft Visual Studio Code","1.132.0","Microsoft Corporation","C:\Program Files\Microsoft VS Code\","""C:\Program Files\Microsoft VS Code\unins000.exe"""
"Microsoft Visual Studio Installer","4.9.50.62957","Microsoft Corporation","""C:\Program Files (x86)\Microsoft Visual Studio\Installer""","""C:\Program Files (x86)\Microsoft Visual Studio\Installer\setup.exe"" /uninstall"
"Microsoft Visual Studio Setup Configuration","3.12.2140.44225","Microsoft Corporation","","MsiExec.exe /I{D07657AA-968C-4629-BD6C-1B52AF825EA7}"
"Microsoft Visual Studio Setup WMI Provider","3.12.2140.44225","Microsoft Corporation","","MsiExec.exe /I{49727420-70BA-4495-9405-31F8D711CB5A}"
"Microsoft Windows Desktop Runtime - 10.0.11 (x64)","80.44.56884","Microsoft Corporation","","MsiExec.exe /X{042FE0BF-0E19-47E0-8864-22F483C784E6}"
"Microsoft Windows Desktop Runtime - 10.0.11 (x86)","80.44.56884","Microsoft Corporation","","MsiExec.exe /X{9B309846-9934-42DA-8897-39B7D106321B}"
"Microsoft Windows Desktop Runtime - 6.0.36 (x64)","48.144.23186","Microsoft Corporation","","MsiExec.exe /X{61D4736B-3325-4D4A-BD41-8BD206C6A86E}"
"Microsoft Windows Desktop Runtime - 6.0.36 (x64)","6.0.36.34217","Microsoft Corporation",,"""C:\ProgramData\Package Cache\{0532b8f2-12d7-43de-95fc-7b87006758a8}\windowsdesktop-runtime-6.0.36-win-x64.exe""  /uninstall"
"Microsoft Windows Desktop Runtime - 8.0.30 (x64)","64.120.56881","Microsoft Corporation","","MsiExec.exe /X{6784D4C7-0D5A-468F-A27D-4B687DC16EFF}"
"Microsoft Windows Desktop Runtime - 8.0.30 (x64)","8.0.30.36323","Microsoft Corporation",,"""C:\ProgramData\Package Cache\{d374321a-d08b-4207-8ef4-6953f782a26c}\windowsdesktop-runtime-8.0.30-win-x64.exe""  /uninstall"
"Microsoft Windows Desktop Runtime - 9.0.19 (x64)","72.76.56849","Microsoft Corporation","","MsiExec.exe /X{8DDA0C5E-EE0E-4ADC-ADC4-1A816363A3D2}"
"Microsoft Windows Desktop Runtime - 9.0.19 (x64)","9.0.19.36321","Microsoft Corporation",,"""C:\ProgramData\Package Cache\{7a013c32-dd46-48f5-81b1-2576c92468db}\windowsdesktop-runtime-9.0.19-win-x64.exe""  /uninstall"
"Microsoft Windows Desktop Runtime 10.0.11 (x64)","10.0.11.50000","Microsoft Corporation",,"""C:\ProgramData\Package Cache\{96749152-C361-49E0-BAC6-818F491B9276}\windowsdesktop-runtime-10.0.11-win-x64.exe""  /uninstall"
"Microsoft Windows Desktop Runtime 10.0.11 (x86)","10.0.11.50000","Microsoft Corporation",,"""C:\ProgramData\Package Cache\{6E0832BF-4768-419E-9077-5BA3D2CC51D1}\windowsdesktop-runtime-10.0.11-win-x86.exe""  /uninstall"
"Mozilla Maintenance Service","1.21.14b","Mozilla",,"""C:\Program Files (x86)\Mozilla Maintenance Service\uninstall.exe"""
"MSI Afterburner 4.6.6","4.6.6","MSI Co., LTD",,"""C:\Program Files (x86)\MSI Afterburner\uninstall.exe"""
"MSI Development Tools","10.1.26100.7705","Microsoft Corporation","","MsiExec.exe /I{06671634-35F4-43F1-1B57-68B7CE54E5B3}"
"Node.js","22.23.2","Node.js Foundation","","MsiExec.exe /I{D9606E8F-44C3-4F42-9165-0F62294FDD4B}"
"Notepad++ (64-bit x64)","8.9.7","Notepad++ Team",,"""C:\Program Files\Notepad++\uninstall.exe"""
"NVCleanstall","1.19.0","TechPowerUp","C:\Program Files\NVCleanstall\","""C:\Program Files\NVCleanstall\unins000.exe"""
"NVIDIA Install Application","2.1002.463.0","NVIDIA Corporation","C:\Program Files\NVIDIA Corporation\Installer2\InstallerCore",
"NVIDIA Logiciel système PhysX 9.23.1019","9.23.1019","NVIDIA Corporation","C:\Program Files (x86)\NVIDIA Corporation\PhysX","""C:\WINDOWS\SysWOW64\RunDll32.EXE"" ""C:\Program Files\NVIDIA Corporation\Installer2\InstallerCore\NVI2.DLL"",UninstallPackage Display.PhysX"
"NVIDIA Pilote audio HD 1.4.5.7","1.4.5.7","NVIDIA Corporation","C:\Program Files\NVIDIA Corporation\Installer2\HDAudio.Driver.{BA4A750D-BB5C-4BBF-8F5A-FE6F2CB203FA}","""C:\WINDOWS\SysWOW64\RunDll32.EXE"" ""C:\Program Files\NVIDIA Corporation\Installer2\InstallerCore\NVI2.DLL"",UninstallPackage HDAudio.Driver"
"NVIDIA Pilote graphique 610.88","610.88","NVIDIA Corporation","C:\Program Files\NVIDIA Corporation\Installer2\Display.Driver.{7A383B2D-1EFE-4EF0-943E-4311CDD87156}","""C:\WINDOWS\SysWOW64\RunDll32.EXE"" ""C:\Program Files\NVIDIA Corporation\Installer2\InstallerCore\NVI2.DLL"",UninstallPackage Display.Driver"
"NZXT CAM 4.76.5","4.76.5","NZXT, Inc.",,"""C:\Program Files\NZXT CAM\Uninstall NZXT CAM.exe"" /allusers"
"OBS Studio","32.2.1","OBS Project",,"""C:\Program Files\obs-studio\uninstall.exe"""
"Ollama version 0.32.11","0.32.11","Ollama","G:\Ollama\","""G:\Ollama\unins000.exe"""
"OpenSSL Light 4.0.0 (64-bit)","4.0.0","Shining Light Productions","","MsiExec.exe /I{BFC8A3C6-954A-43FA-8FBA-95D58118C70A}"
"Overwatch",,"Blizzard Entertainment","E:\Jeux\Overwatch","""C:\ProgramData\Battle.net\Agent\Blizzard Uninstaller.exe"" --lang=frFR --uid=prometheus --displayname=""Overwatch"""
"Pandoc 3.10.2","3.10.2","John MacFarlane","C:\Program Files\Pandoc\","MsiExec.exe /X{C5C3F6A0-B97F-47EA-8F48-FC69BF76E549}"
"Path of Exile",,"Grinding Gear Games","D:\SteamLibrary\steamapps\common\Path of Exile","""C:\Program Files (x86)\Steam\steam.exe"" steam://uninstall/238960"
"PawnIO","2.2.0.0","namazso","C:\Program Files\PawnIO","""C:\Program Files\PawnIO\uninstall.exe"" -uninstall"
"PowerShell 7-x64","7.6.4.0","Microsoft Corporation","","MsiExec.exe /X{92D9A5DC-8C64-40D5-B1BC-98DB9C7FDB7F}"
"Promontory_GPIO Driver","3.0.0.0","Advanced Micro Devices, Inc.",,"MsiExec.exe /X{B5512BCC-F4CD-4159-86A4-B2AD7D38FFA9}"
"Python 3.12.10 (64-bit)","3.12.10150.0","Python Software Foundation",,"""C:\Users\enrik\AppData\Local\Package Cache\{b6ce88eb-2ce3-4d91-8efc-425ae1f48caf}\python-3.12.10-amd64.exe""  /uninstall"
"Python 3.12.10 Core Interpreter (64-bit)","3.12.10150.0","Python Software Foundation","","MsiExec.exe /I{9D09C9EF-A57C-422A-B79A-CC922079653A}"
"Python 3.12.10 Development Libraries (64-bit)","3.12.10150.0","Python Software Foundation","","MsiExec.exe /I{EF4A3D60-9A53-4697-A18D-D3353F8554E6}"
"Python 3.12.10 Executables (64-bit)","3.12.10150.0","Python Software Foundation","","MsiExec.exe /I{0158093D-F809-455B-9429-6D16A4B5D118}"
"Python 3.12.10 pip Bootstrap (64-bit)","3.12.10150.0","Python Software Foundation","","MsiExec.exe /I{CD0A1663-DC2D-41BD-89AF-E1089E841822}"
"Python 3.12.10 Standard Library (64-bit)","3.12.10150.0","Python Software Foundation","","MsiExec.exe /I{DE12B597-D4BF-4B1B-BF5F-C5CE41AFBDFC}"
"Python 3.12.10 Tcl/Tk Support (64-bit)","3.12.10150.0","Python Software Foundation","","MsiExec.exe /I{75485683-EF03-41E6-BF21-D1491694548C}"
"Python 3.12.10 Test Suite (64-bit)","3.12.10150.0","Python Software Foundation","","MsiExec.exe /I{01F171AF-1F21-435E-BEE4-FCC4360C896C}"
"Python Launcher","3.13.5150.0","Python Software Foundation","","MsiExec.exe /X{69012533-AE90-48A1-B7E5-7124E81C4B40}"
"qBittorrent","5.2.1","The qBittorrent project",,"""E:\qBittorrent\uninst.exe"""
"Realtek Audio Driver","6.0.9879.1","Realtek Semiconductor Corp.","C:\Program Files (x86)\Realtek\Audio\Drivers","""C:\Program Files (x86)\InstallShield Installation Information\{F132AF7F-7BCA-4EDE-8A7C-958108FE7DBC}\Setup.exe"" -runfromtemp  -removeonly"
"Realtek Ethernet Controller Driver","10.79.50.1003","Realtek","C:\Program Files (x86)\Realtek\NICDRV_8169","""C:\Program Files (x86)\InstallShield Installation Information\{8833FFB6-5B0C-4764-81AA-06DFEED9A476}\setup.exe"" -runfromtemp -removeonly"
"ReviewTool.gg 0.5.1","0.5.1","ReviewTool.gg",,"""C:\Users\enrik\AppData\Local\Programs\ReviewTool.gg\Uninstall ReviewTool.gg.exe"" /currentuser"
"RIFT",,"gamigo US Inc.","D:\SteamLibrary\steamapps\common\RIFT","""C:\Program Files (x86)\Steam\steam.exe"" steam://uninstall/39120"
"Riot Client ",,"Riot Games, Inc","D:/Riot Games/Riot Client","""D:\Riot Games\Riot Client\RiotClientServices.exe"" --uninstall-product=Riot_Client --uninstall-patchline="
"Riot Vanguard",,"Riot Games, Inc.","C:\Program Files\Riot Vanguard","""C:\Program Files\Riot Vanguard\uninstall.exe"""
"Scars of Honor Playtest",,"","D:\SteamLibrary\steamapps\common\Scars of Honor Playtest","""C:\Program Files (x86)\Steam\steam.exe"" steam://uninstall/4376720"
"SDK ARM64 Additions","10.1.26100.7705","Microsoft Corporation","","MsiExec.exe /I{E93670D9-924A-7B6F-5F55-AE8E3043BCB0}"
"SDK ARM64 Redistributables","10.1.26100.7705","Microsoft Corporation","","MsiExec.exe /I{AA86DFC1-17A2-6133-1D55-92818B9D3082}"
"SignalRgb","2.5.74","WhirlwindFX","C:\Users\enrik\AppData\Local\VortxEngine","""C:\Users\enrik\AppData\Local\VortxEngine\Update.exe"" --uninstall"
"SMITE 2",,"Titan Forge Games","D:\SteamLibrary\steamapps\common\SMITE 2","""C:\Program Files (x86)\Steam\steam.exe"" steam://uninstall/2437170"
"Soulframe","1.0.0","Digital Extremes","","MsiExec.exe /X{B9E228AB-A090-411F-B8B9-9FA64666520B}"
"STAR WARS™: The Old Republic™",,"Broadsword","D:\SteamLibrary\steamapps\common\Star Wars - The Old Republic","""C:\Program Files (x86)\Steam\steam.exe"" steam://uninstall/1286830"
"StarCraft",,"Blizzard Entertainment","E:\Jeux\StarCraft","""C:\ProgramData\Battle.net\Agent\Blizzard Uninstaller.exe"" --lang=frFR --uid=s1 --displayname=""StarCraft"""
"StarCraft II",,"Blizzard Entertainment","E:\Jeux\StarCraft II","""C:\ProgramData\Battle.net\Agent\Blizzard Uninstaller.exe"" --lang=frFR --uid=s2 --displayname=""StarCraft II"""
"Steam","2.10.91.91","Valve Corporation",,"C:\Program Files (x86)\Steam\uninstall.exe"
"Super Sus",,"GIANT INTERACTIVE HK LIMITED","E:\SteamLibrary\steamapps\common\Super Sus","""C:\Program Files (x86)\Steam\steam.exe"" steam://uninstall/2920270"
"TCPView","4.19","Sysinternals","C:\Users\enrik\AppData\Local\Microsoft\WinGet\Packages\Microsoft.Sysinternals.TCPView_Microsoft.Winget.Source_8wekyb3d8bbwe","winget uninstall --product-code Microsoft.Sysinternals.TCPView_Microsoft.Winget.Source_8wekyb3d8bbwe"
"The Lord of the Rings Online™",,"Standing Stone Games","E:\SteamLibrary\steamapps\common\Lord of the Rings Online","""C:\Program Files (x86)\Steam\steam.exe"" steam://uninstall/212500"
"Tom Clancy's The Division 2","","Ubisoft","D:/Ubisoft Game Launcher/games/Tom Clancy's The Division 2/","""D:\Ubisoft Game Launcher\UbisoftConnect.exe"" uplay://uninstall/4932"
"Top Heroes","1.115.11","River Game HK Limited","C:\Users\enrik\AppData\Local\TopHeroes","""C:\Users\enrik\AppData\Local\TopHeroes\Tools\Update.exe"" --uninstall"
"Top Heroes Store","1.0","BraveSoftware\Brave-Browser",,"""C:\Program Files\BraveSoftware\Brave-Browser\Application\brave.exe"" --profile-directory=Default --uninstall-app-id=ajniebfffmmnannljnochecbiccgihkf"
"Ubisoft Connect","172.1.13247","Ubisoft","D:\Ubisoft Game Launcher\","D:\Ubisoft Game Launcher\Uninstall.exe"
"UE Prerequisites (x64)","1.0.21.0","Epic Games, Inc.",,"""C:\ProgramData\Package Cache\{e9d9f387-657e-40d8-8f5b-4fc1aa768343}\UEPrereqSetup_x64.exe""  /uninstall"
"Universal CRT Extension SDK","10.1.26100.7705","Microsoft Corporation","","MsiExec.exe /I{0343A2EB-5CCA-79B9-18A4-ABD484A97924}"
"Universal CRT Headers Libraries and Sources","10.1.26100.7705","Microsoft Corporation","","MsiExec.exe /I{7D4D186C-70F0-6990-1792-DAA557B1E010}"
"Universal CRT Redistributable","10.0.26624","Microsoft Corporation","","MsiExec.exe /I{0460C87B-7F4C-3170-FAC9-B7A6AE5CE4E9}"
"Universal CRT Redistributable","10.1.26100.7705","Microsoft Corporation","","MsiExec.exe /I{368E4D03-5983-1C2C-B42E-1C0C51A935A5}"
"Universal CRT Tools x64","10.1.26100.7705","Microsoft Corporation","","MsiExec.exe /I{C7F2EF85-ACD3-0480-6BC2-0C3B45A8F1C1}"
"Universal CRT Tools x86","10.1.26100.7705","Microsoft Corporation","","MsiExec.exe /I{FEC52FA9-A866-C884-4AAA-0B15BE793610}"
"Universal General MIDI DLS Extension SDK","10.1.26100.7705","Microsoft Corporation","","MsiExec.exe /I{7E52FE9F-4D3E-9277-0E37-0014C83D4F5E}"
"V Rising",,"Stunlock Studios","D:\SteamLibrary\steamapps\common\VRising","""C:\Program Files (x86)\Steam\steam.exe"" steam://uninstall/1604030"
"Vaultbreakers Playtest",,"","E:\SteamLibrary\steamapps\common\Vaultbreakers Playtest","""C:\Program Files (x86)\Steam\steam.exe"" steam://uninstall/1851490"
"vcpp_crt.redist.clickonce","14.44.35211","Microsoft Corporation","","MsiExec.exe /I{2BC20F60-9EE7-4EB4-8234-4D7A95A28BFA}"
"Visual Studio Build Tools 2022","17.14.38","Microsoft Corporation","C:\Program Files (x86)\Microsoft Visual Studio\2022\BuildTools","""C:\Program Files (x86)\Microsoft Visual Studio\Installer\setup.exe"" uninstall --installPath ""C:\Program Files (x86)\Microsoft Visual Studio\2022\BuildTools"""
"VLC media player","3.0.23","VideoLAN","C:\Program Files\VideoLAN\VLC","""C:\Program Files\VideoLAN\VLC\uninstall.exe"""
"VS Script Debugging Common","17.0.157.0","Microsoft Corporation","","MsiExec.exe /I{F5796163-6EC6-488A-B2DE-E1E94477F6AD}"
"vs_communitymsires","17.14.36015","Microsoft Corporation","","MsiExec.exe /I{2DEB6ACA-AD5E-4120-89FA-AA9E5422EC14}"
"vs_communitysharedmsi","17.14.36025","Microsoft Corporation","","MsiExec.exe /I{71498EE6-F94E-4061-9DD5-55925CA8A74F}"
"vs_communityx64msi","17.14.36025","Microsoft Corporation","","MsiExec.exe /I{3873679C-FA03-4101-97E9-107D67C568B8}"
"vs_CoreEditorFonts","17.7.40001","Microsoft Corporation","","MsiExec.exe /I{1851460E-0E63-4117-B5BA-25A2F045801B}"
"vs_filehandler_amd64","17.14.36024","Microsoft Corporation","","MsiExec.exe /I{22EE1419-B47E-44B8-A635-868746946079}"
"vs_filehandler_x86","17.14.36024","Microsoft Corporation","","MsiExec.exe /I{6C7D0172-7367-4F0C-95DB-6021765B58EA}"
"vs_FileTracker_Singleton","17.14.36015","Microsoft Corporation","","MsiExec.exe /I{D331F4E7-BC3B-47BE-BB56-5F33895F9347}"
"vs_githubprotocolhandlermsi","17.14.36015","Microsoft Corporation","","MsiExec.exe /I{29297AFE-9D24-4DFE-ACAF-D90090D905CF}"
"vs_minshellinteropmsi","17.14.36015","Microsoft Corporation","","MsiExec.exe /I{A2FDDC26-4232-4287-8839-2F53A01E1E97}"
"vs_minshellinteropsharedmsi","17.14.36015","Microsoft Corporation","","MsiExec.exe /I{537F07C8-0EC6-41A5-BB91-750FA3CAA110}"
"vs_minshellmsi","17.14.36301","Microsoft Corporation","","MsiExec.exe /I{6AAEB5DD-FFFE-4CA1-9FE2-38A44B6B4477}"
"vs_minshellmsires","17.14.36015","Microsoft Corporation","","MsiExec.exe /I{1C23ABC9-9228-4EDD-B1D3-7EDC2721BC7D}"
"vs_minshellsharedmsi","18.7.11811","Microsoft Corporation","","MsiExec.exe /I{CF40DD63-82FB-432D-88B9-B2EA94F3BBA2}"
"vs_vswebprotocolselectormsi","17.14.36323","Microsoft Corporation","","MsiExec.exe /I{B4B3AA16-E828-4577-A9F2-629E1A95FE4A}"
"vs_vswebprotocolselectormsires","17.14.36323","Microsoft Corporation","","MsiExec.exe /I{F6A7D10C-D5CD-4597-B1FF-CAF663F04DD9}"
"Wago App 2.12.1","2.12.1","The Wago Dev Team",,"""C:\Users\enrik\AppData\Local\Programs\wago-app\Uninstall Wago App.exe"" /currentuser"
"Warcraft I Remastered",,"Blizzard Entertainment","E:\Jeux\Warcraft I Remastered","""C:\ProgramData\Battle.net\Agent\Blizzard Uninstaller.exe"" --lang=frFR --uid=w1r --displayname=""Warcraft I Remastered"""
"Warcraft II Remastered",,"Blizzard Entertainment","E:\Jeux\Warcraft II Remastered","""C:\ProgramData\Battle.net\Agent\Blizzard Uninstaller.exe"" --lang=frFR --uid=w2r --displayname=""Warcraft II Remastered"""
"Warcraft III",,"Blizzard Entertainment","E:\Jeux\Warcraft III","""C:\ProgramData\Battle.net\Agent\Blizzard Uninstaller.exe"" --lang=frFR --uid=w3 --displayname=""Warcraft III"""
"Warcraft Rumble",,"Blizzard Entertainment","E:\Jeux\Warcraft Rumble","""C:\ProgramData\Battle.net\Agent\Blizzard Uninstaller.exe"" --lang=frFR --uid=gryphon --displayname=""Warcraft Rumble"""
"Warframe",,"Digital Extremes","D:\SteamLibrary\steamapps\common\Warframe","""C:\Program Files (x86)\Steam\steam.exe"" steam://uninstall/230410"
"Warperia 1.7.5","1.7.5","The Warperia Team",,"""C:\Users\enrik\AppData\Local\Programs\Warperia\Uninstall Warperia.exe"" /currentuser"
"WinAppDeploy","10.1.26100.7705","Microsoft Corporation","","MsiExec.exe /I{CFEF5BD7-A03F-DEF3-1707-A31C813F6D14}"
"Windows App Certification Kit Native Components","10.1.26100.7705","Microsoft Corporation","","MsiExec.exe /I{20C01991-CCD1-2C06-7A9A-B10A9B4AF807}"
"Windows App Certification Kit SupportedApiList x86","10.1.26100.7705","Microsoft Corporation","","MsiExec.exe /I{E43BDB72-464A-290B-A51D-537CBBE1CAC8}"
"Windows App Certification Kit x64","10.1.26100.7705","Microsoft Corporation","","MsiExec.exe /I{B7BC83B0-1A94-0290-4309-820859276E72}"
"Windows App Certification Kit x64 (OnecoreUAP)","10.1.26100.7705","Microsoft Corporation","","MsiExec.exe /I{B817BAD1-CC9F-940C-FFD8-7543D89B8EB7}"
"Windows Desktop Extension SDK","10.1.26100.7705","Microsoft Corporation","","MsiExec.exe /I{FED10190-CF54-E72D-7A92-E3F9CA9B7950}"
"Windows Desktop Extension SDK Contracts","10.1.26100.7705","Microsoft Corporation","","MsiExec.exe /I{F4F63553-2774-41A6-C784-7FAC7DF4CAF3}"
"Windows IoT Extension SDK","10.1.26100.7705","Microsoft Corporation","","MsiExec.exe /I{A056CA2A-2AB1-EB1B-1B2E-D49E0C6C8E17}"
"Windows IoT Extension SDK Contracts","10.1.26100.7705","Microsoft Corporation","","MsiExec.exe /I{AA11F890-8A6F-D292-8A1D-D70710A87852}"
"Windows Mobile Extension SDK","10.1.26100.7705","Microsoft Corporation","","MsiExec.exe /I{E901323A-7A02-50A8-F4E0-95C4AD8A098F}"
"Windows Mobile Extension SDK Contracts","10.1.26100.7705","Microsoft Corporation","","MsiExec.exe /I{9FA1715F-2809-3C7D-B9BB-17574DA0AED9}"
"Windows SDK","10.1.26100.7705","Microsoft Corporation","","MsiExec.exe /I{A224D569-B07A-8178-A1E4-75DC397C06B2}"
"Windows SDK AddOn","10.1.0.0","Microsoft Corporation","","MsiExec.exe /I{F6E49AB1-AA83-433D-8D7E-9F0F23CB497D}"
"Windows SDK ARM64 Desktop Tools","10.1.26100.7705","Microsoft Corporation","","MsiExec.exe /I{575077AC-CCC1-9943-6F3C-EDB6149964E7}"
"Windows SDK Desktop Headers arm64","10.1.26100.7705","Microsoft Corporation","","MsiExec.exe /I{0A1B70B0-DD98-1BCC-6958-D5AD8BBAF2B2}"
"Windows SDK Desktop Headers x64","10.1.26100.7705","Microsoft Corporation","","MsiExec.exe /I{CCEEC7A2-2179-C5D0-60E2-2651993A8AD5}"
"Windows SDK Desktop Headers x86","10.1.26100.7705","Microsoft Corporation","","MsiExec.exe /I{D0772A8A-6AB2-E6E1-8BEF-29F59AB99893}"
"Windows SDK Desktop Libs arm64","10.1.26100.7705","Microsoft Corporation","","MsiExec.exe /I{2C37C218-88FF-9E58-0151-1AF693535792}"
"Windows SDK Desktop Libs x64","10.1.26100.7705","Microsoft Corporation","","MsiExec.exe /I{12C6754C-2086-9BFC-1292-FA0BE54009E6}"
"Windows SDK Desktop Libs x86","10.1.26100.7705","Microsoft Corporation","","MsiExec.exe /I{9EE92E02-FA29-DF43-7E45-A256139DEBE4}"
"Windows SDK Desktop Tools arm64","10.1.26100.7705","Microsoft Corporation","","MsiExec.exe /I{7C1561F8-C963-0AC7-21BD-EA4DD9633C50}"
"Windows SDK Desktop Tools x64","10.1.26100.7705","Microsoft Corporation","","MsiExec.exe /I{EB362CC9-F0B3-EDBC-82E8-91F6BBF36F6E}"
"Windows SDK Desktop Tools x86","10.1.26100.7705","Microsoft Corporation","","MsiExec.exe /I{DB72537E-BD30-364B-6A72-09CE78DB8321}"
"Windows SDK DirectX x64 Remote","10.1.26100.7705","Microsoft Corporation","","MsiExec.exe /I{FB7C4DC7-7641-04B7-6639-589757B86783}"
"Windows SDK DirectX x86 Remote","10.1.26100.7705","Microsoft Corporation","","MsiExec.exe /I{11C0EB4F-A1BA-2068-49A5-F7C242708BA2}"
"Windows SDK EULA","10.1.26100.7705","Microsoft Corporations","","MsiExec.exe /I{5120ED0E-8B54-B212-15E6-EE404FE83E37}"
"Windows SDK Facade Windows WinMD Versioned","10.1.26100.7705","Microsoft Corporation","","MsiExec.exe /I{FB4D4A9B-9E8F-42CB-B08F-AE153FFA31AC}"
"Windows SDK for Windows Store Apps","10.1.26100.7705","Microsoft Corporation","","MsiExec.exe /I{CEC6FB8C-1F94-F7F8-C9F7-EF55CC2A519F}"
"Windows SDK for Windows Store Apps Contracts","10.1.26100.7705","Microsoft Corporation","","MsiExec.exe /I{E8BE09DF-D93B-AE40-FD63-05E5ABEFB6D9}"
"Windows SDK for Windows Store Apps DirectX x86 Remote","10.1.26100.7705","Microsoft Corporation","","MsiExec.exe /I{F738E2CC-E003-B601-F38B-4521ED842C98}"
"Windows SDK for Windows Store Apps Headers","10.1.26100.7705","Microsoft Corporation","","MsiExec.exe /I{B5534577-4F61-73AC-FFCB-91B0B0674DA4}"
"Windows SDK for Windows Store Apps Headers OnecoreUap","10.1.26100.7705","Microsoft Corporation","","MsiExec.exe /I{CB91C4E7-9C14-6ABD-566B-DF4593456102}"
"Windows SDK for Windows Store Apps Libs","10.1.26100.7705","Microsoft Corporation","","MsiExec.exe /I{2CAA22A5-36FE-21B0-5A67-3BE172FEFF12}"
"Windows SDK for Windows Store Apps Metadata","10.1.26100.7705","Microsoft Corporation","","MsiExec.exe /I{AF0CF0ED-D9DA-DFDA-52DD-B3B0FE269640}"
"Windows SDK for Windows Store Apps Tools","10.1.26100.7705","Microsoft Corporation","","MsiExec.exe /I{4C150435-9153-456C-C0BE-497D89513B18}"
"Windows SDK for Windows Store Managed Apps Libs","10.1.26100.7705","Microsoft Corporation","","MsiExec.exe /I{4D8C14D7-C036-33F2-EFA7-C5CC5F73932B}"
"Windows SDK Modern Non-Versioned Developer Tools","10.1.26100.7705","Microsoft Corporation","","MsiExec.exe /I{26BD6DC6-3F0F-4C17-A78C-5D06459F39C0}"
"Windows SDK Modern Versioned Developer Tools","10.1.26100.7705","Microsoft Corporation","","MsiExec.exe /I{F251EBD6-9B8C-3876-A422-B4F677BF3766}"
"Windows SDK OnecoreUap Headers arm64","10.1.26100.7705","Microsoft Corporation","","MsiExec.exe /I{85F3FF9F-CFBA-AD2F-85E2-90571032D412}"
"Windows SDK OnecoreUap Headers x64","10.1.26100.7705","Microsoft Corporation","","MsiExec.exe /I{80F76A51-EAF7-DA8E-C732-B26C591BCC23}"
"Windows SDK OnecoreUap Headers x86","10.1.26100.7705","Microsoft Corporation","","MsiExec.exe /I{EFF12E8F-5027-FE5D-6ABF-5F837F3B70F8}"
"Windows SDK Redistributables","10.1.26100.7705","Microsoft Corporation","","MsiExec.exe /I{96B30005-C36E-07FF-DF27-EEB8199694CD}"
"Windows SDK Signing Tools","10.1.26100.7705","Microsoft Corporation","","MsiExec.exe /I{F9DDDEF1-BCF0-275F-DE29-9332F1149B79}"
"Windows Software Development Kit - Windows 10.0.26100.7705","10.1.26100.7705","Microsoft Corporation",,"""C:\ProgramData\Package Cache\{c0b93b80-d0a4-47fc-a4d1-21a4008a63ca}\winsdksetup.exe""  /uninstall"
"Windows Subsystem for Linux","2.7.11.0","Microsoft Corporation","","MsiExec.exe /X{497CB23D-8747-4047-A079-DD98E0EDFC18}"
"Windows Team Extension SDK","10.1.26100.7705","Microsoft Corporation","","MsiExec.exe /I{1F507473-1077-3AB8-2E11-C839AE4E27B8}"
"Windows Team Extension SDK Contracts","10.1.26100.7705","Microsoft Corporation","","MsiExec.exe /I{9A2FEE83-D2FB-A48E-52E0-15801042220F}"
"WinRT Intellisense Desktop - en-us","10.1.26100.7705","Microsoft Corporation","","MsiExec.exe /I{572C25BD-AB18-B702-9ED7-6F0CC6821847}"
"WinRT Intellisense Desktop - Other Languages","10.1.26100.7705","Microsoft Corporation","","MsiExec.exe /I{EA88E7B4-C204-CC0C-FC10-D13FC9C30800}"
"WinRT Intellisense IoT - en-us","10.1.26100.7705","Microsoft Corporation","","MsiExec.exe /I{EB8B0E53-980A-E861-DC85-05240EFA888D}"
"WinRT Intellisense IoT - Other Languages","10.1.26100.7705","Microsoft Corporation","","MsiExec.exe /I{3120663A-4F7D-252C-2829-1B9DBEDFEEED}"
"WinRT Intellisense Mobile - en-us","10.1.26100.7705","Microsoft Corporation","","MsiExec.exe /I{3EEF5F2A-A2A3-89FC-D7DF-CFE8DEFE4A8F}"
"WinRT Intellisense PPI - en-us","10.1.26100.7705","Microsoft Corporation","","MsiExec.exe /I{91306123-946D-452F-3206-A8AB9F8293D6}"
"WinRT Intellisense PPI - Other Languages","10.1.26100.7705","Microsoft Corporation","","MsiExec.exe /I{9BA10CCD-7064-7FAB-B48B-C7B2CCFC60FB}"
"WinRT Intellisense UAP - en-us","10.1.26100.7705","Microsoft Corporation","","MsiExec.exe /I{5C8B4DA5-62C6-8D4A-F21A-AD4D66FCA8D9}"
"WinRT Intellisense UAP - Other Languages","10.1.26100.7705","Microsoft Corporation","","MsiExec.exe /I{099E916C-D17E-7E1A-0046-3AD1D042102F}"
"Wise Care 365","8.0.2","WiseCleaner Technology Co., Ltd.","C:\Program Files (x86)\Wise\Wise Care 365\","""C:\Program Files (x86)\Wise\Wise Care 365\unins001.exe"""
"World of Warcraft",,"Blizzard Entertainment","F:\World of Warcraft","""C:\ProgramData\Battle.net\Agent\Blizzard Uninstaller.exe"" --lang=frFR --uid=wow --displayname=""World of Warcraft"""
"World of Warcraft Classic Era",,"Blizzard Entertainment","F:\World of Warcraft","""C:\ProgramData\Battle.net\Agent\Blizzard Uninstaller.exe"" --lang=frFR --uid=wow_classic_era --displayname=""World of Warcraft Classic Era"""
"World of Warcraft Classic Era PTR",,"Blizzard Entertainment","F:\World of Warcraft","""C:\ProgramData\Battle.net\Agent\Blizzard Uninstaller.exe"" --lang=frFR --uid=wow_classic_era_ptr --displayname=""World of Warcraft Classic Era PTR"""
"World of Warcraft Classic PTR",,"Blizzard Entertainment","F:\World of Warcraft","""C:\ProgramData\Battle.net\Agent\Blizzard Uninstaller.exe"" --lang=frFR --uid=wow_classic_ptr --displayname=""World of Warcraft Classic PTR"""
"World of Warcraft Public Test",,"Blizzard Entertainment","F:\World of Warcraft","""C:\ProgramData\Battle.net\Agent\Blizzard Uninstaller.exe"" --lang=frFR --uid=wow_ptr --displayname=""World of Warcraft Public Test"""
"World of Warcraft Public Test 3",,"Blizzard Entertainment","F:\World of Warcraft","""C:\ProgramData\Battle.net\Agent\Blizzard Uninstaller.exe"" --lang=frFR --uid=wow_ptr_x --displayname=""World of Warcraft Public Test 3"""
"WowUp 2.22.0","2.22.0","WowUp LLC",,"""C:\Users\enrik\AppData\Local\Programs\wowup\Uninstall WowUp.exe"" /currentuser"
"Zen Browser (x64 en-US)","1.21.14b","Zen OSS Team","C:\Program Files\Zen Browser","""C:\Program Files\Zen Browser\uninstall\helper.exe"""
