"Drive","Path","Name","Extension","SizeGB","SizeMB","LastWrite","Type"
"G","G:\Ollama\Models\manifests\registry.ollama.ai\library\gemma-4-E4B-it-Q4_K_M.gguf","gemma-4-E4B-it-Q4_K_M.gguf",".gguf","4,969","5088,1","28/05/2026 22:03:07","Model/File"
"G","G:\AI\E-zzio\runtime\realtime\models\kokoro\current\kokoro-v0_19.onnx","kokoro-v0_19.onnx",".onnx","0,303","310,4","13/08/2026 23:12:45","Model/File"
"C","C:\ProgramData\NVIDIA\NGX\models\dlss\versions\20317696\files\160_E658700.bin","160_E658700.bin",".bin","0,069","70,6","31/03/2026 19:08:50","Model/File"
"C","C:\ProgramData\NVIDIA\NGX\models\dlss\versions\20317442\files\160_E658700.bin","160_E658700.bin",".bin","0,069","70,4","14/01/2026 12:56:27","Model/File"
"C","C:\ProgramData\NVIDIA\NGX\models\dlss\versions\20317440\files\160_E658700.bin","160_E658700.bin",".bin","0,069","70,4","10/01/2026 21:48:54","Model/File"
"C","C:\ProgramData\NVIDIA\NGX\models\dlssd\versions\20316928\files\160_E658700.bin","160_E658700.bin",".bin","0,068","69,6","05/12/2025 11:52:30","Model/File"
"G","G:\AI\E-zzio\runtime\realtime\audio\voices\fr_FR-siwis-medium.onnx","fr_FR-siwis-medium.onnx",".onnx","0,059","60,3","13/08/2026 21:23:22","Model/File"
"C","C:\ProgramData\NVIDIA\NGX\models\dlssd\versions\20317696\files\160_E658700.bin","160_E658700.bin",".bin","0,056","57,1","31/03/2026 19:08:51","Model/File"
"C","C:\ProgramData\NVIDIA\NGX\models\dlssd\versions\20317440\files\160_E658700.bin","160_E658700.bin",".bin","0,056","57,1","10/01/2026 21:48:54","Model/File"
"C","C:\ProgramData\NVIDIA\NGX\models\dlssd\versions\20317442\files\160_E658700.bin","160_E658700.bin",".bin","0,056","57,1","14/01/2026 12:56:27","Model/File"
"C","C:\ProgramData\NVIDIA\NGX\models\dlss\versions\20316928\files\160_E658700.bin","160_E658700.bin",".bin","0,046","46,7","05/12/2025 11:52:30","Model/File"
"C","C:\Users\enrik\AppData\Local\Ubisoft\Rainbow Six - Siege\ekshadersPCDX12_cache.bin","ekshadersPCDX12_cache.bin",".bin","0,038","39,3","27/01/2026 15:12:57","Model/File"
"C","C:\ProgramData\Microsoft\Windows Defender\Scans\mpcache-4115FABF84F9EC04AA50BCD085F3FA4164073629.bin","mpcache-4115FABF84F9EC04AA50BCD085F3FA4164073629.bin",".bin","0,034","35,1","14/08/2026 10:29:19","Model/File"
"C","C:\ProgramData\NVIDIA\NGX\models\dlss\versions\131529\files\160_B9BF564.bin","160_B9BF564.bin",".bin","0,014","14,2","05/12/2025 11:52:32","Model/File"
"C","C:\Users\enrik\AppData\Local\zen\Profiles\45jchyg8.Default (release)\startupCache\scriptCache.bin","scriptCache.bin",".bin","0,014","14","22/07/2026 16:33:00","Model/File"
"C","C:\ProgramData\NVIDIA\NGX\models\dlss\versions\131529\files\160_B9FACDC.bin","160_B9FACDC.bin",".bin","0,014","14,2","05/12/2025 11:52:24","Model/File"
"C","C:\ProgramData\NVIDIA\NGX\models\dlss\versions\131529\files\160_B9C3560.bin","160_B9C3560.bin",".bin","0,014","14,2","05/12/2025 11:52:34","Model/File"
"C","C:\Users\enrik\AppData\Local\zen\Profiles\45jchyg8.Default (release)\startupCache\scriptCache-current.bin","scriptCache-current.bin",".bin","0,014","14","22/07/2026 15:01:04","Model/File"
"C","C:\ProgramData\NVIDIA\NGX\models\dlss\versions\131599\files\160_B9CF688.bin","160_B9CF688.bin",".bin","0,013","13,8","05/12/2025 11:52:20","Model/File"
"C","C:\Users\enrik\AppData\Local\NVIDIA\GLCache\770f4fef79200de23d313865e4691c0d\186620256eaaf137\c6e976b0770384dd.bin","c6e976b0770384dd.bin",".bin","0,012","12,3","11/08/2026 19:41:14","Model/File"
"C","C:\Users\enrik\AppData\Local\librewolf\Profiles\v46y8z83.default-default\startupCache\scriptCache.bin","scriptCache.bin",".bin","0,012","12,4","22/07/2026 13:29:54","Model/File"
"C","C:\Users\enrik\AppData\Local\librewolf\Profiles\v46y8z83.default-default\startupCache\scriptCache-current.bin","scriptCache-current.bin",".bin","0,012","12,3","21/07/2026 15:45:18","Model/File"
"C","C:\ProgramData\NVIDIA\NGX\models\dlss\versions\131356\files\160_B9B0430.bin","160_B9B0430.bin",".bin","0,011","11,2","05/12/2025 11:52:37","Model/File"
"C","C:\ProgramData\NVIDIA\NGX\models\dlss\versions\66158\files\160_B9D2F5C.bin","160_B9D2F5C.bin",".bin","0,011","11,2","05/12/2025 11:52:17","Model/File"
"C","C:\ProgramData\NVIDIA\NGX\models\dlss\versions\66157\files\160_E99B5EC.bin","160_E99B5EC.bin",".bin","0,011","11,2","05/12/2025 11:52:09","Model/File"
"C","C:\ProgramData\NVIDIA\NGX\models\dlss\versions\66157\files\160_B9DAE68.bin","160_B9DAE68.bin",".bin","0,011","11,2","05/12/2025 11:52:19","Model/File"
"C","C:\ProgramData\NVIDIA\NGX\models\dlss\versions\66157\files\160_B9D8C54.bin","160_B9D8C54.bin",".bin","0,011","11,2","05/12/2025 11:52:21","Model/File"
"C","C:\ProgramData\NVIDIA\NGX\models\dlss\versions\131357\files\160_B9F5618.bin","160_B9F5618.bin",".bin","0,011","11,2","05/12/2025 11:52:35","Model/File"
"C","C:\ProgramData\NVIDIA\NGX\models\dlss\versions\131356\files\160_F7361DC.bin","160_F7361DC.bin",".bin","0,011","11,2","05/12/2025 11:52:26","Model/File"
"C","C:\ProgramData\NVIDIA\NGX\models\dlss\versions\131356\files\160_B9E26B0.bin","160_B9E26B0.bin",".bin","0,011","11,2","05/12/2025 11:52:33","Model/File"
"C","C:\ProgramData\NVIDIA\NGX\models\dlss\versions\131356\files\160_B9D3EF0.bin","160_B9D3EF0.bin",".bin","0,011","11,2","05/12/2025 11:52:23","Model/File"
"G","G:\AI\E-zzio\.venv\Lib\site-packages\pipecat\audio\turn\smart_turn\data\smart-turn-v3.2-cpu.onnx","smart-turn-v3.2-cpu.onnx",".onnx","0,008","8,3","13/08/2026 21:03:34","Model/File"
"C","C:\ProgramData\NVIDIA\NGX\models\dlssg\versions\20316928\files\160_E658700.bin","160_E658700.bin",".bin","0,007","7,3","05/12/2025 11:52:30","Model/File"
"C","C:\ProgramData\NVIDIA\NGX\models\dlssg\versions\20317440\files\160_E658700.bin","160_E658700.bin",".bin","0,007","7,2","10/01/2026 21:48:54","Model/File"
"C","C:\ProgramData\NVIDIA\NGX\models\dlssg\versions\20317442\files\160_E658700.bin","160_E658700.bin",".bin","0,007","7,2","14/01/2026 12:56:27","Model/File"
"C","C:\Users\enrik\AppData\Roaming\Netease\Mpay\MWSlocalStorage\ngwebview_x20_steam\OnDeviceHeadSuggestModel\20251024.824731831.14\cr_en-us_500000_index.bin","cr_en-us_500000_index.bin",".bin","0,007","7,6","31/10/2025 09:38:04","Model/File"
"C","C:\Users\enrik\AppData\Local\BraveSoftware\Brave-Browser\User Data\OnDeviceHeadSuggestModel\20251024.824731831.14\cr_fr_500000_index.bin","cr_fr_500000_index.bin",".bin","0,007","7,2","31/10/2025 09:47:30","Model/File"
"C","C:\ProgramData\NVIDIA\NGX\models\dlssg\versions\20317696\files\160_E658700.bin","160_E658700.bin",".bin","0,007","7,2","31/03/2026 19:08:51","Model/File"
"C","C:\Users\enrik\AppData\Local\Epic Games\EOSOverlay\BrowserCache\1\OnDeviceHeadSuggestModel\20251024.824731831.14\cr_en-us_500000_index.bin","cr_en-us_500000_index.bin",".bin","0,007","7,6","31/10/2025 09:38:04","Model/File"
"C","C:\Users\enrik\AppData\Local\Epic Games\EOSOverlay\BrowserCache\0\OnDeviceHeadSuggestModel\20251024.824731831.14\cr_en-us_500000_index.bin","cr_en-us_500000_index.bin",".bin","0,007","7,6","31/10/2025 09:38:04","Model/File"
"C","C:\ProgramData\NVIDIA\NGX\models\dlisp\versions\66405\files\160_B9DF510.bin","160_B9DF510.bin",".bin","0,005","5,3","05/12/2025 11:52:41","Model/File"
"C","C:\ProgramData\NVIDIA\NGX\models\dlss\versions\66410\files\160_B9DF510.bin","160_B9DF510.bin",".bin","0,005","5,3","05/12/2025 11:52:14","Model/File"
"G","G:\AI\E-zzio\runtime\realtime\models\kokoro\current\voices.bin","voices.bin",".bin","0,005","5,5","13/08/2026 23:13:17","Model/File"
"C","C:\ProgramData\NVIDIA\NGX\models\dlisp\versions\20316160\files\160_E658703.bin","160_E658703.bin",".bin","0,004","3,9","05/12/2025 11:52:38","Model/File"
"C","C:\ProgramData\NVIDIA\NGX\models\dlss\versions\65644\files\160_B9CB0B8.bin","160_B9CB0B8.bin",".bin","0,004","4,3","05/12/2025 11:52:05","Model/File"
"C","C:\ProgramData\NVIDIA\NGX\models\dlss\versions\65644\files\160_B9D48D0.bin","160_B9D48D0.bin",".bin","0,004","4,3","05/12/2025 11:52:07","Model/File"
"C","C:\ProgramData\NVIDIA\NGX\models\dlss\versions\65644\files\160_B9D6F08.bin","160_B9D6F08.bin",".bin","0,004","4,3","05/12/2025 11:52:12","Model/File"
"C","C:\ProgramData\NVIDIA\NGX\models\dlss\versions\65644\files\160_B9D7388.bin","160_B9D7388.bin",".bin","0,004","4,3","05/12/2025 11:52:18","Model/File"
"C","C:\ProgramData\NVIDIA\NGX\models\dlss\versions\65644\files\160_B9DB4F4.bin","160_B9DB4F4.bin",".bin","0,004","4,3","05/12/2025 11:52:15","Model/File"
"C","C:\ProgramData\NVIDIA\NGX\models\dlss\versions\65644\files\160_B9DFA64.bin","160_B9DFA64.bin",".bin","0,004","4,3","05/12/2025 11:52:08","Model/File"
"C","C:\ProgramData\NVIDIA\NGX\models\dlss\versions\65644\files\160_B9FD524.bin","160_B9FD524.bin",".bin","0,004","4,3","05/12/2025 11:52:13","Model/File"
"C","C:\ProgramData\NVIDIA\NGX\models\dlss\versions\65644\files\160_B9FD6C0.bin","160_B9FD6C0.bin",".bin","0,004","4,3","05/12/2025 11:52:10","Model/File"
"C","C:\ProgramData\NVIDIA\NGX\models\dlss\versions\65644\files\160_B9FEB50.bin","160_B9FEB50.bin",".bin","0,004","4,3","05/12/2025 11:52:03","Model/File"
"C","C:\ProgramData\NVIDIA\NGX\models\dlss\versions\65644\files\160_B9FF4BC.bin","160_B9FF4BC.bin",".bin","0,004","4,3","05/12/2025 11:52:04","Model/File"
"C","C:\ProgramData\Microsoft\Windows Defender\Support\MpWppTracing-20260813-150935-00000003-fffffffeffffffff.bin","MpWppTracing-20260813-150935-00000003-fffffffeffffffff.bin",".bin","0,004","3,7","14/08/2026 02:28:01","Model/File"
"C","C:\ProgramData\Microsoft\Windows Defender\Scans\History\CacheManager\4DFA38B3-8A46-47A1-BBD4-AAAE337F8EDE-0.bin","4DFA38B3-8A46-47A1-BBD4-AAAE337F8EDE-0.bin",".bin","0,004","4,3","23/06/2026 02:54:58","Model/File"
"C","C:\Users\enrik\AppData\Local\Microsoft\SSMS\22.0_59da8ebd\privateregistry.bin","privateregistry.bin",".bin","0,003","3,2","30/04/2026 13:02:42","Model/File"
"C","C:\ProgramData\Epic\EpicGamesLauncher\Data\Catalog\catcache.bin","catcache.bin",".bin","0,003","3,1","14/08/2026 13:12:27","Model/File"
"C","C:\Users\enrik\AppData\Roaming\librewolf\Profiles\v46y8z83.default-default\security_state\data.safe.bin","data.safe.bin",".bin","0,003","3,1","22/07/2026 13:29:52","Model/File"
"C","C:\Users\enrik\AppData\Roaming\zen\Profiles\45jchyg8.Default (release)\security_state\data.safe.bin","data.safe.bin",".bin","0,003","3,2","22/07/2026 16:58:03","Model/File"
"G","G:\AI\E-zzio\runtime\realtime\models\vad\silero_vad.onnx","silero_vad.onnx",".onnx","0,002","2,2","14/08/2026 11:48:51","Model/File"
"C","C:\Users\enrik\.cache\codex-runtimes\codex-primary-runtime\dependencies\python\Lib\ensurepip\_bundled\pip-25.0.1-py3-none-any.whl","pip-25.0.1-py3-none-any.whl",".whl","0,002","1,8","01/01/2024 01:00:00","Model/File"
"C","C:\ProgramData\NVIDIA\NGX\models\dlisp\versions\66154\files\160_B9D2F5C.bin","160_B9D2F5C.bin",".bin","0,002","2,5","05/12/2025 11:52:44","Model/File"
"C","C:\ProgramData\NVIDIA\NGX\models\dlisp\versions\66154\files\160_B9D8C54.bin","160_B9D8C54.bin",".bin","0,002","2,5","05/12/2025 11:52:40","Model/File"
"C","C:\ProgramData\NVIDIA\NGX\models\dlisp\versions\66154\files\160_B9DAE68.bin","160_B9DAE68.bin",".bin","0,002","2,5","05/12/2025 11:52:45","Model/File"
"G","G:\AI\E-zzio\runtime\realtime\models\silero_vad.onnx","silero_vad.onnx",".onnx","0,002","2,2","13/08/2026 23:04:18","Model/File"
"C","C:\Users\enrik\AppData\Local\NVIDIA\GLCache\c30d67effd5a80bf51a0817799acf3c8\96df249bb179d595\946278c574973d08.bin","946278c574973d08.bin",".bin","0,002","2,5","13/08/2026 16:30:54","Model/File"
"C","C:\ProgramData\NVIDIA Corporation\Drs\nvdrsdb0.bin","nvdrsdb0.bin",".bin","0,002","2,5","14/08/2026 11:23:31","Model/File"
"G","G:\AI\E-zzio\.venv\Lib\site-packages\pipecat\audio\vad\data\silero_vad.onnx","silero_vad.onnx",".onnx","0,002","2,2","13/08/2026 21:03:34","Model/File"
"C","C:\Users\enrik\AppData\Local\NVIDIA\GLCache\c30d67effd5a80bf51a0817799acf3c8\96df249bb179d595\946278c574973d09.bin","946278c574973d09.bin",".bin","0,002","1,6","02/08/2026 13:58:03","Model/File"
"C","C:\ProgramData\NVIDIA Corporation\Drs\nvdrsdb1.bin","nvdrsdb1.bin",".bin","0,002","2,5","14/08/2026 10:18:50","Model/File"
"C","C:\Users\enrik\AppData\Local\Microsoft\GameDVR\KnownGameList.bin","KnownGameList.bin",".bin","0,002","1,8","12/07/2026 16:15:12","Model/File"
"C","C:\Users\enrik\AppData\Roaming\uv\python\cpython-3.11.15-windows-x86_64-none\Lib\ensurepip\_bundled\pip-24.0-py3-none-any.whl","pip-24.0-py3-none-any.whl",".whl","0,002","2","16/07/2026 15:26:10","Model/File"
"C","C:\Users\enrik\AppData\Roaming\uv\python\cpython-3.14.5-windows-x86_64-none\Lib\ensurepip\_bundled\pip-26.1.1-py3-none-any.whl","pip-26.1.1-py3-none-any.whl",".whl","0,002","1,7","29/05/2026 00:26:26","Model/File"
"C","C:\Users\enrik\AppData\Local\librewolf\Profiles\v46y8z83.default-default\startupCache\scriptCache-child-current.bin","scriptCache-child-current.bin",".bin","0,001","0,7","21/07/2026 16:18:28","Model/File"
"C","C:\ProgramData\GOG.com\Galaxy\redists\overlay\v8_context_snapshot.bin","v8_context_snapshot.bin",".bin","0,001","0,6","05/08/2026 15:54:06","Model/File"
"C","C:\Users\enrik\AppData\Local\Programs\ReviewTool.gg\v8_context_snapshot.bin","v8_context_snapshot.bin",".bin","0,001","0,7","01/08/2026 15:16:30","Model/File"
"C","C:\Users\enrik\AppData\Local\Programs\wago-app\v8_context_snapshot.bin","v8_context_snapshot.bin",".bin","0,001","0,7","07/06/2026 14:20:54","Model/File"
"C","C:\Users\enrik\AppData\Local\VortxEngine\app-2.5.74\Signal-x64\resources\v8_context_snapshot.bin","v8_context_snapshot.bin",".bin","0,001","0,6","28/07/2026 00:04:52","Model/File"
"C","C:\Users\enrik\AppData\Local\Programs\Archon App\v8_context_snapshot.bin","v8_context_snapshot.bin",".bin","0,001","0,7","24/03/2026 19:14:22","Model/File"
"C","C:\Users\enrik\AppData\Local\TopHeroes\app-1.113.11\TopHeroes_Data\Plugins\x86_64\VuplexWebViewChromium\v8_context_snapshot.bin","v8_context_snapshot.bin",".bin","0,001","0,6","15/07/2026 14:48:37","Model/File"
"C","C:\Users\enrik\AppData\Local\Packages\Microsoft.Windows.StartMenuExperienceHost_cw5n1h2txyewy\TempState\TileCache_100_3_PNGEncoded_Data.bin","TileCache_100_3_PNGEncoded_Data.bin",".bin","0,001","0,6","04/08/2026 17:29:09","Model/File"
"C","C:\Users\enrik\AppData\Local\Programs\ReviewTool.gg\v8_context_snapshot.bin","v8_context_snapshot.bin",".bin","0,001","0,7","01/08/2026 15:16:30","Model/File"
"C","C:\Users\enrik\AppData\Local\TopHeroes\packages\workDir\TopHeroes_Data\Plugins\x86_64\VuplexWebViewChromium\v8_context_snapshot.bin","v8_context_snapshot.bin",".bin","0,001","0,6","15/07/2026 14:48:37","Model/File"
"G","G:\AI\E-zzio\.venv\Lib\site-packages\faster_whisper\assets\silero_vad_v6.onnx","silero_vad_v6.onnx",".onnx","0,001","1,2","13/08/2026 21:09:59","Model/File"
"C","C:\Users\enrik\AppData\Local\TopHeroes\app-1.115.11\TopHeroes_Data\Plugins\x86_64\VuplexWebViewChromium\v8_context_snapshot.bin","v8_context_snapshot.bin",".bin","0,001","0,6","15/07/2026 14:48:37","Model/File"
"C","C:\ProgramData\LGHUB\depots\824196\core\LGHUB\v8_context_snapshot.bin","v8_context_snapshot.bin",".bin","0,001","0,7","11/08/2026 19:56:44","Model/File"
"C","C:\Users\enrik\AppData\Local\zen\Profiles\45jchyg8.Default (release)\startupCache\scriptCache-child.bin","scriptCache-child.bin",".bin","0,001","0,7","22/07/2026 16:33:00","Model/File"
"C","C:\Users\enrik\AppData\Local\NVIDIA\GLCache\c30d67effd5a80bf51a0817799acf3c8\96df249bb179d595\946278c574973d0a.bin","946278c574973d0a.bin",".bin","0,001","1,1","02/08/2026 01:28:02","Model/File"
"C","C:\Users\enrik\AppData\Local\NVIDIA\GLCache\3f3bca284cd30839f8421d1bb8e25cc8\96df249bb179d595\946278c574973d08.bin","946278c574973d08.bin",".bin","0,001","1,3","26/07/2026 03:31:51","Model/File"
"C","C:\Users\enrik\AppData\Local\Programs\Warperia\v8_context_snapshot.bin","v8_context_snapshot.bin",".bin","0,001","0,6","04/08/2026 16:04:54","Model/File"
"C","C:\Users\enrik\AppData\Local\Programs\wowup\v8_context_snapshot.bin","v8_context_snapshot.bin",".bin","0,001","0,7","15/01/2026 23:04:02","Model/File"
"C","C:\Users\enrik\AppData\Local\VortxEngine\app-2.5.72\Signal-x64\resources\v8_context_snapshot.bin","v8_context_snapshot.bin",".bin","0,001","0,6","12/07/2026 16:20:24","Model/File"
"C","C:\Users\enrik\AppData\Local\Programs\Warperia\v8_context_snapshot.bin","v8_context_snapshot.bin",".bin","0,001","0,6","04/08/2026 16:04:54","Model/File"
"C","C:\Users\enrik\AppData\Local\Discord\app-1.0.9252\v8_context_snapshot.bin","v8_context_snapshot.bin",".bin","0,001","0,7","22/07/2026 23:02:36","Model/File"
"C","C:\Users\enrik\AppData\Local\NVIDIA\GLCache\3f3bca284cd30839f8421d1bb8e25cc8\96df249bb179d595\aaa39bdd34d1ef89.bin","aaa39bdd34d1ef89.bin",".bin","0,001","1","22/07/2026 17:52:38","Model/File"
"C","C:\Users\enrik\AppData\Local\Amazon Games\App\Amazon Games UI\v8_context_snapshot.bin","v8_context_snapshot.bin",".bin","0,001","0,6","23/12/2025 20:43:13","Model/File"
"C","C:\ProgramData\Packer\catcache4.bin","catcache4.bin",".bin","0,001","0,7","23/02/2026 11:14:55","Model/File"
"C","C:\Users\enrik\AppData\Local\Programs\wago-app\v8_context_snapshot.bin","v8_context_snapshot.bin",".bin","0,001","0,7","07/06/2026 14:20:54","Model/File"
"C","C:\Users\enrik\AppData\Local\Programs\Archon App\v8_context_snapshot.bin","v8_context_snapshot.bin",".bin","0,001","0,7","24/03/2026 19:14:22","Model/File"
"C","C:\ProgramData\NVIDIA\NGX\models\dlisp\versions\66150\files\160_E99B5EC.bin","160_E99B5EC.bin",".bin","0,001","0,7","05/12/2025 11:52:43","Model/File"
"C","C:\ProgramData\NVIDIA\NGX\models\dlisp\versions\131343\files\160_B9CF688.bin","160_B9CF688.bin",".bin","0,001","0,9","05/12/2025 11:52:39","Model/File"
"C","C:\Users\enrik\AppData\Local\Programs\wowup\v8_context_snapshot.bin","v8_context_snapshot.bin",".bin","0,001","0,7","15/01/2026 23:04:02","Model/File"
"C","C:\Users\enrik\AppData\Local\hermes\hermes-agent\apps\desktop\release\win-unpacked\v8_context_snapshot.bin","v8_context_snapshot.bin",".bin","0,001","0,7","16/07/2026 15:32:12","Model/File"
"C","C:\Users\enrik\AppData\Local\hermes\hermes-agent\node_modules\electron\dist\v8_context_snapshot.bin","v8_context_snapshot.bin",".bin","0,001","0,7","16/07/2026 15:32:12","Model/File"
"C","C:\Users\enrik\AppData\Local\NVIDIA\GLCache\3f3bca284cd30839f8421d1bb8e25cc8\96df249bb179d595\5ea7f2c6cd35d8a4.bin","5ea7f2c6cd35d8a4.bin",".bin","0,001","0,5","12/07/2026 16:42:13","Model/File"
"C","C:\Users\enrik\AppData\Roaming\uv\python\cpython-3.11.15-windows-x86_64-none\Lib\ensurepip\_bundled\setuptools-79.0.1-py3-none-any.whl","setuptools-79.0.1-py3-none-any.whl",".whl","0,001","1,2","16/07/2026 15:26:10","Model/File"
"C","C:\Users\enrik\AppData\Local\ms-playwright\chromium_headless_shell-1228\chrome-headless-shell-win64\v8_context_snapshot.bin","v8_context_snapshot.bin",".bin","0,001","0,7","16/07/2026 15:29:57","Model/File"
"C","C:\Users\enrik\AppData\Local\ms-playwright\chromium-1228\chrome-win64\v8_context_snapshot.bin","v8_context_snapshot.bin",".bin","0,001","0,7","16/07/2026 15:29:49","Model/File"
"C","C:\Users\enrik\AppData\Local\NVIDIA\GLCache\c30d67effd5a80bf51a0817799acf3c8\96df249bb179d595\5ea7f2c6cd35d8a4.bin","5ea7f2c6cd35d8a4.bin",".bin","0,001","0,6","14/08/2026 11:27:54","Model/File"
"C","C:\Users\enrik\AppData\Local\Microsoft\IdentityCache\1\UD\u_JRN7PUU2A1SE7ISK\e_C2GK9UTC67FSUCG3\ID\r_74DB6FURNR2TGPBK\c_9FGCD9G3CIHBMGC9.bin","c_9FGCD9G3CIHBMGC9.bin",".bin","0","0","15/02/2026 17:21:07","Model/File"
"C","C:\Users\enrik\AppData\Local\Microsoft\IdentityCache\1\UD\u_JRN7PUU2A1SE7ISK\e_C2GK9UTC67FSUCG3\ID\r_74DB6FURNR2TGPBK\c_Q1JJ95IJFFRNT2GU.bin","c_Q1JJ95IJFFRNT2GU.bin",".bin","0","0","05/12/2025 10:39:54","Model/File"
"C","C:\Users\enrik\AppData\Local\Microsoft\Windows\1036\StructuredQuerySchema.bin","StructuredQuerySchema.bin",".bin","0","0,5","31/07/2026 13:01:44","Model/File"
"C","C:\Users\enrik\AppData\Local\Microsoft\IdentityCache\1\UD\u_JRN7PUU2A1SE7ISK\e_C2GK9UTC67FSUCG3\ID\r_74DB6FURNR2TGPBK\c_SR6F7R8QM7CIK9QU.bin","c_SR6F7R8QM7CIK9QU.bin",".bin","0","0","05/12/2025 10:39:53","Model/File"
"C","C:\Users\enrik\AppData\Local\Microsoft\IdentityCache\1\UD\u_JRN7PUU2A1SE7ISK\e_C2GK9UTC67FSUCG3\ID\r_74DB6FURNR2TGPBK\c_VMKM3FJ266RBBIFS.bin","c_VMKM3FJ266RBBIFS.bin",".bin","0","0","03/05/2026 16:31:23","Model/File"
"C","C:\Users\enrik\AppData\Local\Microsoft\SSMS\22.0_59da8ebd\VTC\3038cb9bbc2efe7dd368eae759500eac\~IC\Templates\cache.bin","cache.bin",".bin","0","0","30/04/2026 13:02:38","Model/File"
"C","C:\Users\enrik\AppData\Local\NVIDIA\GLCache\3f3bca284cd30839f8421d1bb8e25cc8\96df249bb179d595\cc8b4fd92f230ece.bin","cc8b4fd92f230ece.bin",".bin","0","0","12/07/2026 16:50:36","Model/File"
"C","C:\Users\enrik\AppData\Local\NVIDIA\GLCache\3f3bca284cd30839f8421d1bb8e25cc8\96df249bb179d595\86e909d6565bbf04.bin","86e909d6565bbf04.bin",".bin","0","0,4","09/07/2026 11:22:11","Model/File"
"C","C:\Users\enrik\AppData\Local\NVIDIA\GLCache\3f3bca284cd30839f8421d1bb8e25cc8\96df249bb179d595\fbd1bf6ce3876606.bin","fbd1bf6ce3876606.bin",".bin","0","0","06/07/2026 20:14:10","Model/File"
"C","C:\Users\enrik\AppData\Local\NVIDIA\GLCache\c30d67effd5a80bf51a0817799acf3c8\96df249bb179d595\217aa088a73fbc65.bin","217aa088a73fbc65.bin",".bin","0","0","31/07/2026 14:57:00","Model/File"
"C","C:\Users\enrik\AppData\Local\Microsoft\IdentityCache\1\UD\u_JRN7PUU2A1SE7ISK\e_C2GK9UTC67FSUCG3\ID\r_74DB6FURNR2TGPBK\c_94KNEF8S46HLAJC9.bin","c_94KNEF8S46HLAJC9.bin",".bin","0","0","05/12/2025 10:39:53","Model/File"
"C","C:\Users\enrik\AppData\Local\FortniteGame\Saved\PersistentDownloadDir\ConfigRules\configrules.bin","configrules.bin",".bin","0","0","09/04/2026 14:52:19","Model/File"
"C","C:\Users\enrik\AppData\Local\Microsoft\IdentityCache\1\UD\u_JRN7PUU2A1SE7ISK\e_C2GK9UTC67FSUCG3\AT\r_74DB6FURNR2TGPBK\c_VMKM3FJ266RBBIFS.bin","c_VMKM3FJ266RBBIFS.bin",".bin","0","0","03/05/2026 16:31:23","Model/File"
"C","C:\Users\enrik\AppData\Local\Programs\ReviewTool.gg\snapshot_blob.bin","snapshot_blob.bin",".bin","0","0,3","01/08/2026 15:16:30","Model/File"
"C","C:\Users\enrik\AppData\Local\Programs\wago-app\snapshot_blob.bin","snapshot_blob.bin",".bin","0","0,3","07/06/2026 14:20:54","Model/File"
"C","C:\Users\enrik\AppData\Local\Programs\Warperia\snapshot_blob.bin","snapshot_blob.bin",".bin","0","0,3","04/08/2026 16:04:54","Model/File"
"C","C:\Users\enrik\AppData\Local\Programs\wowup\snapshot_blob.bin","snapshot_blob.bin",".bin","0","0,4","15/01/2026 23:04:02","Model/File"
"C","C:\Users\enrik\AppData\Local\Amazon Games\App\Amazon Games UI\natives_blob.bin","natives_blob.bin",".bin","0","0,1","23/12/2025 20:43:14","Model/File"
"C","C:\Users\enrik\AppData\Local\Amazon Games\App\Amazon Games UI\snapshot_blob.bin","snapshot_blob.bin",".bin","0","0,3","23/12/2025 20:43:13","Model/File"
"C","C:\Users\enrik\AppData\Local\Amazon Games\App\App\Amazon Games UI\._natives_blob.bin","._natives_blob.bin",".bin","0","0","03/03/2026 13:23:27","Model/File"
"C","C:\Users\enrik\AppData\Local\Amazon Games\App\App\Amazon Games UI\._snapshot_blob.bin","._snapshot_blob.bin",".bin","0","0","03/03/2026 13:23:27","Model/File"
"C","C:\Users\enrik\AppData\Local\Amazon Games\App\App\Amazon Games UI\._v8_context_snapshot.bin","._v8_context_snapshot.bin",".bin","0","0","03/03/2026 13:23:26","Model/File"
"C","C:\Users\enrik\AppData\Local\BraveSoftware\Brave-Browser\User Data\Default\Sync Data\Nigori.bin","Nigori.bin",".bin","0","0","14/08/2026 15:42:19","Model/File"
"C","C:\Users\enrik\AppData\Local\devin\cli\model_configs_v2.bin","model_configs_v2.bin",".bin","0","0","03/06/2026 16:55:36","Model/File"
"C","C:\Users\enrik\AppData\Local\devin\cli\team_settings.bin","team_settings.bin",".bin","0","0","03/06/2026 16:55:36","Model/File"
"C","C:\Users\enrik\AppData\Local\Discord\app-1.0.9252\snapshot_blob.bin","snapshot_blob.bin",".bin","0","0,3","22/07/2026 23:02:36","Model/File"
"C","C:\Users\enrik\AppData\Local\FortniteGame\Intermediate\PipInstall\Lib\site-packages\learning_agents.pth","learning_agents.pth",".pth","0","0","09/04/2026 14:52:39","Model/File"
"C","C:\Users\enrik\AppData\Local\NVIDIA\GLCache\c30d67effd5a80bf51a0817799acf3c8\96df249bb179d595\cc8b4fd92f230ece.bin","cc8b4fd92f230ece.bin",".bin","0","0","02/08/2026 00:51:04","Model/File"
"C","C:\Users\enrik\AppData\Local\hermes\hermes-agent\apps\desktop\release\win-unpacked\snapshot_blob.bin","snapshot_blob.bin",".bin","0","0,3","16/07/2026 15:32:12","Model/File"
"C","C:\Users\enrik\AppData\Local\hermes\hermes-agent\node_modules\electron\dist\snapshot_blob.bin","snapshot_blob.bin",".bin","0","0,3","16/07/2026 15:32:12","Model/File"
"C","C:\Users\enrik\AppData\Local\Microsoft\IdentityCache\1\UD\u_JRN7PUU2A1SE7ISK\e_C2GK9UTC67FSUCG3\AT\r_74DB6FURNR2TGPBK\c_SR6F7R8QM7CIK9QU.bin","c_SR6F7R8QM7CIK9QU.bin",".bin","0","0","05/12/2025 10:39:53","Model/File"
"C","C:\Users\enrik\AppData\Local\Microsoft\IdentityCache\1\UD\u_JRN7PUU2A1SE7ISK\e_C2GK9UTC67FSUCG3\AT\r_74DB6FURNR2TGPBK\c_Q1JJ95IJFFRNT2GU.bin","c_Q1JJ95IJFFRNT2GU.bin",".bin","0","0","05/12/2025 10:39:54","Model/File"
"C","C:\Users\enrik\AppData\Local\Microsoft\IdentityCache\1\UD\u_JRN7PUU2A1SE7ISK\e_C2GK9UTC67FSUCG3\AT\r_74DB6FURNR2TGPBK\c_9FGCD9G3CIHBMGC9.bin","c_9FGCD9G3CIHBMGC9.bin",".bin","0","0","15/02/2026 17:21:07","Model/File"
"C","C:\Users\enrik\AppData\Local\Microsoft\IdentityCache\1\UD\u_JRN7PUU2A1SE7ISK\e_C2GK9UTC67FSUCG3\AT\r_74DB6FURNR2TGPBK\c_94KNEF8S46HLAJC9.bin","c_94KNEF8S46HLAJC9.bin",".bin","0","0","05/12/2025 10:39:53","Model/File"
"C","C:\Users\enrik\AppData\Local\Microsoft\IdentityCache\1\UD\u_JRN7PUU2A1SE7ISK\e_C2GK9UTC67FSUCG3\AT\r_74DB6FURNR2TGPBK\c_6HM880EG8H6C0PCE.bin","c_6HM880EG8H6C0PCE.bin",".bin","0","0","14/05/2026 23:05:40","Model/File"
"C","C:\Users\enrik\AppData\Local\Microsoft\IdentityCache\1\UD\u_JRN7PUU2A1SE7ISK\e_C2GK9UTC67FSUCG3\Accounts\r_74DB6FURNR2TGPBK.bin","r_74DB6FURNR2TGPBK.bin",".bin","0","0","14/05/2026 23:05:40","Model/File"
"C","C:\Users\enrik\AppData\Local\Microsoft\IdentityCache\1\UD\u_JRN7PUU2A1SE7ISK\e_C2GK9UTC67FSUCG3\ID\r_74DB6FURNR2TGPBK\c_6HM880EG8H6C0PCE.bin","c_6HM880EG8H6C0PCE.bin",".bin","0","0","14/05/2026 23:05:40","Model/File"
"C","C:\Users\enrik\AppData\Local\Microsoft\Edge\User Data\Default\Sync Data\Nigori.bin","Nigori.bin",".bin","0","0","04/12/2025 22:44:02","Model/File"
"C","C:\Users\enrik\AppData\Local\librewolf\Profiles\v46y8z83.default-default\startupCache\urlCache-current.bin","urlCache-current.bin",".bin","0","0","21/07/2026 16:18:28","Model/File"
"C","C:\Users\enrik\AppData\Local\hermes\hermes-agent\venv\Lib\site-packages\pywin32.pth","pywin32.pth",".pth","0","0","16/07/2026 15:26:54","Model/File"
"C","C:\Users\enrik\AppData\Local\hermes\hermes-agent\venv\Lib\site-packages\google_generativeai-0.8.6-py3.13-nspkg.pth","google_generativeai-0.8.6-py3.13-nspkg.pth",".pth","0","0","01/08/2026 22:54:04","Model/File"
"C","C:\Users\enrik\AppData\Local\hermes\hermes-agent\venv\Lib\site-packages\distutils-precedence.pth","distutils-precedence.pth",".pth","0","0","27/07/2026 00:02:31","Model/File"
"C","C:\Users\enrik\AppData\Local\hermes\hermes-agent\venv\Lib\site-packages\_virtualenv.pth","_virtualenv.pth",".pth","0","0","16/07/2026 15:26:48","Model/File"
"C","C:\Users\enrik\AppData\Local\hermes\hermes-agent\venv\Lib\site-packages\__editable__.hermes_agent-0.18.2.pth","__editable__.hermes_agent-0.18.2.pth",".pth","0","0","16/07/2026 15:27:05","Model/File"
"C","C:\Users\enrik\AppData\Local\librewolf\Profiles\v46y8z83.default-default\startupCache\urlCache.bin","urlCache.bin",".bin","0","0","22/07/2026 13:29:54","Model/File"
"C","C:\Users\enrik\AppData\Local\NVIDIA\GLCache\c30d67effd5a80bf51a0817799acf3c8\96df249bb179d595\fbd1bf6ce3876606.bin","fbd1bf6ce3876606.bin",".bin","0","0","31/07/2026 14:57:04","Model/File"
"C","C:\Users\enrik\.cache\huggingface\hub\models--Systran--faster-whisper-tiny\snapshots\d90ca5fe260221311c53c58e660288d3deb8d356\model.bin","model.bin",".bin","0","0","14/08/2026 13:42:12","Model/File"
"C","C:\Users\enrik\AppData\Local\NVIDIA\GLCache\f02193a4f061fe68a169768ca516ac07\186620256eaaf137\603c510b695647d8.bin","603c510b695647d8.bin",".bin","0","0","15/07/2026 13:30:35","Model/File"
"C","C:\ProgramData\Packer\bhcache.160a1fa040f059f9.bin","bhcache.160a1fa040f059f9.bin",".bin","0","0","26/12/2025 13:21:06","Model/File"
"C","C:\ProgramData\Packer\bhcache.07d01897d114dd6f.bin","bhcache.07d01897d114dd6f.bin",".bin","0","0","26/12/2025 13:08:34","Model/File"
"C","C:\ProgramData\NVIDIA Corporation\Drs\update.bin","update.bin",".bin","0","0","31/07/2026 13:50:34","Model/File"
"C","C:\ProgramData\NVIDIA Corporation\Drs\nvdrssel.bin","nvdrssel.bin",".bin","0","0","14/08/2026 11:23:31","Model/File"
"C","C:\ProgramData\Mozilla-1de4eec8-1241-4177-a864-e594e8d1fb38\updates\F0DC299D809B9700\backgroundupdate\datareporting\glean\db\data.safe.bin","data.safe.bin",".bin","0","0","14/08/2026 08:53:25","Model/File"
"C","C:\ProgramData\Microsoft\Windows Defender\Support\MpWppUpdateLogging-20260813-170936.bin","MpWppUpdateLogging-20260813-170936.bin",".bin","0","0,4","13/08/2026 17:19:51","Model/File"
"C","C:\ProgramData\Packer\bhcache.23613789814f0ebe.bin","bhcache.23613789814f0ebe.bin",".bin","0","0","26/12/2025 12:59:45","Model/File"
"C","C:\ProgramData\Microsoft\Windows Defender\Support\MpWppTracing-20260814-081836-00000003-fffffffeffffffff.bin","MpWppTracing-20260814-081836-00000003-fffffffeffffffff.bin",".bin","0","0","14/08/2026 10:18:37","Model/File"
"C","C:\ProgramData\Microsoft\Windows Defender\Support\MpWppCoreTracing-20260813-170935-00000003-100000000.bin","MpWppCoreTracing-20260813-170935-00000003-100000000.bin",".bin","0","0,1","14/08/2026 02:09:36","Model/File"
"C","C:\ProgramData\Microsoft\Windows Defender\Scans\History\CacheManager\EB888070-67C3-4640-BBA2-4D0464C380E5-0.bin","EB888070-67C3-4640-BBA2-4D0464C380E5-0.bin",".bin","0","0,3","27/05/2026 18:44:38","Model/File"
"C","C:\ProgramData\Microsoft\Windows Defender\Scans\History\CacheManager\DF0A7DF8-62A1-46E9-A64F-ED04425AFC1D-0.bin","DF0A7DF8-62A1-46E9-A64F-ED04425AFC1D-0.bin",".bin","0","0,3","14/12/2025 10:29:51","Model/File"
"C","C:\ProgramData\Microsoft\Windows Defender\Scans\History\CacheManager\73AAE224-BCE8-480E-BF75-8F8F2D6C56D8-0.bin","73AAE224-BCE8-480E-BF75-8F8F2D6C56D8-0.bin",".bin","0","0,3","16/04/2026 17:58:57","Model/File"
"C","C:\ProgramData\Microsoft\Windows Defender\Scans\History\CacheManager\0379E791-20F7-4EF8-B6B8-12C793D0E6FA-0.bin","0379E791-20F7-4EF8-B6B8-12C793D0E6FA-0.bin",".bin","0","0,3","05/06/2026 15:49:06","Model/File"
"C","C:\ProgramData\Microsoft\Windows Defender\Scans\MpDiag.bin","MpDiag.bin",".bin","0","0","14/08/2026 02:25:28","Model/File"
"C","C:\ProgramData\Microsoft\Windows Defender\Support\MpWppCoreTracing-20260814-101836-00000003-100000000.bin","MpWppCoreTracing-20260814-101836-00000003-100000000.bin",".bin","0","0","14/08/2026 10:18:36","Model/File"
"C","C:\ProgramData\Packer\bhcache.988ea65960d72f79.bin","bhcache.988ea65960d72f79.bin",".bin","0","0","26/12/2025 12:57:45","Model/File"
"C","C:\Users\enrik\AppData\Roaming\librewolf\Profiles\v46y8z83.default-default\AlternateServices.bin","AlternateServices.bin",".bin","0","0,1","22/07/2026 15:10:18","Model/File"
"C","C:\Users\enrik\AppData\Roaming\librewolf\Profiles\v46y8z83.default-default\datareporting\glean\db\data.safe.bin","data.safe.bin",".bin","0","0","22/07/2026 15:11:01","Model/File"
"C","C:\Users\enrik\.cache\huggingface\hub\models--Systran--faster-whisper-base\snapshots\ebe41f70d5b6dfa9166e2c581c45c9c0cfc57b66\model.bin","model.bin",".bin","0","0","13/08/2026 21:12:02","Model/File"
"C","C:\Users\enrik\.cache\huggingface\hub\models--hexgrad--Kokoro-82M\snapshots\f3ff3571791e39611d31c381e3a41a3af07b4987\voices\ff_siwis.pt","ff_siwis.pt",".pt","0","0","14/08/2026 01:35:55","Model/File"
"C","C:\Users\enrik\.cache\codex-runtimes\codex-primary-runtime\dependencies\python\Lib\site-packages\distutils-precedence.pth","distutils-precedence.pth",".pth","0","0","01/06/2026 19:45:31","Model/File"
"C","C:\Users\enrik\AppData\Roaming\zen\Profiles\45jchyg8.Default (release)\settings\data.safe.bin","data.safe.bin",".bin","0","0","22/07/2026 20:13:57","Model/File"
"C","C:\Users\enrik\AppData\Roaming\zen\Profiles\45jchyg8.Default (release)\extension-store\data.safe.bin","data.safe.bin",".bin","0","0,1","22/07/2026 14:53:19","Model/File"
"C","C:\Users\enrik\AppData\Roaming\zen\Profiles\45jchyg8.Default (release)\datareporting\glean\db\data.safe.bin","data.safe.bin",".bin","0","0","22/07/2026 20:20:00","Model/File"
"C","C:\Users\enrik\AppData\Roaming\zen\Profiles\45jchyg8.Default (release)\SiteSecurityServiceState.bin","SiteSecurityServiceState.bin",".bin","0","0","22/07/2026 19:55:56","Model/File"
"C","C:\Users\enrik\AppData\Roaming\zen\Profiles\45jchyg8.Default (release)\AlternateServices.bin","AlternateServices.bin",".bin","0","0,1","22/07/2026 20:19:07","Model/File"
"C","C:\Users\enrik\AppData\Roaming\zen\Background Tasks Profiles\yjwjj20s.MozillaBackgroundTask-F0DC299D809B9700-backgroundupdate\SiteSecurityServiceState.bin","SiteSecurityServiceState.bin",".bin","0","0","13/08/2026 18:53:24","Model/File"
"C","C:\Users\enrik\AppData\Roaming\zen\Background Tasks Profiles\r32bnnv9.MozillaBackgroundTask-F0DC299D809B9700-defaultagent\datareporting\glean\db\data.safe.bin","data.safe.bin",".bin","0","0","14/08/2026 12:56:41","Model/File"
"C","C:\Users\enrik\AppData\Roaming\uv\python\cpython-3.11.15-windows-x86_64-none\Lib\site-packages\distutils-precedence.pth","distutils-precedence.pth",".pth","0","0","16/07/2026 15:26:10","Model/File"
"C","C:\Users\enrik\AppData\Roaming\Opera Software\Opera GX Stable\Default\Sync Data\Nigori.bin","Nigori.bin",".bin","0","0","03/02/2026 13:49:43","Model/File"
"C","C:\Users\enrik\AppData\Roaming\librewolf\Profiles\v46y8z83.default-default\settings\data.safe.bin","data.safe.bin",".bin","0","0","22/07/2026 15:10:18","Model/File"
"C","C:\Users\enrik\AppData\Roaming\librewolf\Profiles\v46y8z83.default-default\extension-store-menus\data.safe.bin","data.safe.bin",".bin","0","0","22/07/2026 13:54:26","Model/File"
"C","C:\Users\enrik\AppData\Roaming\librewolf\Profiles\v46y8z83.default-default\extension-store\data.safe.bin","data.safe.bin",".bin","0","0,1","21/07/2026 14:57:24","Model/File"
"C","C:\ProgramData\LGHUB\depots\824196\core\LGHUB\snapshot_blob.bin","snapshot_blob.bin",".bin","0","0,4","11/08/2026 19:56:44","Model/File"
"C","C:\ProgramData\GOG.com\Galaxy\redists\overlay\snapshot_blob.bin","snapshot_blob.bin",".bin","0","0,3","05/08/2026 15:54:06","Model/File"
"C","C:\ProgramData\GOG.com\Galaxy\redists\overlay\natives_blob.bin","natives_blob.bin",".bin","0","0,1","05/08/2026 15:54:06","Model/File"
"G","G:\AI\E-zzio\tools\voice_converter\.venv\Lib\site-packages\distutils-precedence.pth","distutils-precedence.pth",".pth","0","0","14/08/2026 01:39:29","Model/File"
"C","C:\Users\enrik\AppData\Local\Soulframe\Downloaded\Test\Tools\CEF3_1\V7\snapshot_blob.bin","snapshot_blob.bin",".bin","0","0,2","01/12/2025 10:46:16","Model/File"
"C","C:\Users\enrik\AppData\Local\Soulframe\Downloaded\Public\Tools\CEF3_1\V7\v8_context_snapshot.bin","v8_context_snapshot.bin",".bin","0","0,4","01/12/2025 10:46:16","Model/File"
"C","C:\Users\enrik\AppData\Local\Soulframe\Downloaded\Public\Tools\CEF3_1\V7\snapshot_blob.bin","snapshot_blob.bin",".bin","0","0,2","01/12/2025 10:46:16","Model/File"
"C","C:\Users\enrik\AppData\Local\Soulframe\Downloaded\Dev\Tools\CEF3_1\V7\v8_context_snapshot.bin","v8_context_snapshot.bin",".bin","0","0,4","01/12/2025 10:46:16","Model/File"
"C","C:\Users\enrik\AppData\Local\Soulframe\Downloaded\Dev\Tools\CEF3_1\V7\snapshot_blob.bin","snapshot_blob.bin",".bin","0","0,2","01/12/2025 10:46:16","Model/File"
"C","C:\Users\enrik\AppData\Local\Programs\wowup\snapshot_blob.bin","snapshot_blob.bin",".bin","0","0,4","15/01/2026 23:04:02","Model/File"
"C","C:\Users\enrik\AppData\Local\Programs\Warperia\snapshot_blob.bin","snapshot_blob.bin",".bin","0","0,3","04/08/2026 16:04:54","Model/File"
"C","C:\Users\enrik\AppData\Local\Programs\wago-app\snapshot_blob.bin","snapshot_blob.bin",".bin","0","0,3","07/06/2026 14:20:54","Model/File"
"C","C:\Users\enrik\AppData\Local\Programs\ReviewTool.gg\snapshot_blob.bin","snapshot_blob.bin",".bin","0","0,3","01/08/2026 15:16:30","Model/File"
"C","C:\Users\enrik\AppData\Local\Programs\Archon App\snapshot_blob.bin","snapshot_blob.bin",".bin","0","0,3","24/03/2026 19:14:22","Model/File"
"C","C:\Users\enrik\AppData\Local\Packages\MicrosoftWindows.Client.CBS_cw5n1h2txyewy\TempState\TileCache_100_3_PNGEncoded_Header.bin","TileCache_100_3_PNGEncoded_Header.bin",".bin","0","0","06/08/2026 16:26:34","Model/File"
"C","C:\Users\enrik\AppData\Local\Packages\MicrosoftWindows.Client.CBS_cw5n1h2txyewy\TempState\TileCache_100_3_PNGEncoded_Data.bin","TileCache_100_3_PNGEncoded_Data.bin",".bin","0","0,4","06/08/2026 16:26:34","Model/File"
"C","C:\Users\enrik\AppData\Local\Packages\MicrosoftWindows.Client.CBS_cw5n1h2txyewy\AC\Microsoft\IdentityCache\1\UD\u_JRN7PUU2A1SE7ISK\e_C2GK9UTC67FSUCG3\Accounts\r_74DB6FURNR2TGPBK.bin","r_74DB6FURNR2TGPBK.bin",".bin","0","0","04/06/2026 16:10:23","Model/File"
"C","C:\Users\enrik\AppData\Local\Packages\Microsoft.Windows.StartMenuExperienceHost_cw5n1h2txyewy\TempState\TileCache_100_3_PNGEncoded_Header.bin","TileCache_100_3_PNGEncoded_Header.bin",".bin","0","0","10/08/2026 11:53:51","Model/File"
"C","C:\Users\enrik\AppData\Local\Packages\Microsoft.Windows.StartMenuExperienceHost_cw5n1h2txyewy\LocalState\start2.bin","start2.bin",".bin","0","0","14/08/2026 15:27:03","Model/File"
"C","C:\Users\enrik\AppData\Local\Soulframe\Downloaded\Test\Tools\CEF3_1\V7\v8_context_snapshot.bin","v8_context_snapshot.bin",".bin","0","0,4","01/12/2025 10:46:16","Model/File"
"C","C:\Users\enrik\AppData\Local\NVIDIA\GLCache\f02193a4f061fe68a169768ca516ac07\186620256eaaf137\3b89d526f44602c6.bin","3b89d526f44602c6.bin",".bin","0","0,1","07/07/2026 13:29:18","Model/File"
"C","C:\Users\enrik\AppData\Local\Temp\ecache.bin","ecache.bin",".bin","0","0,1","14/08/2026 13:12:16","Model/File"
"C","C:\Users\enrik\AppData\Local\TopHeroes\app-1.115.11\TopHeroes_Data\Plugins\x86_64\VuplexWebViewChromium\snapshot_blob.bin","snapshot_blob.bin",".bin","0","0,3","15/07/2026 14:48:37","Model/File"
"G","G:\AI\E-zzio\runtime\cache\pip\wheels\1a\b0\8c\4b75c4116c31f83c8f9f047231251e13cc74481cca4a78a9ce\docopt-0.6.2-py2.py3-none-any.whl","docopt-0.6.2-py2.py3-none-any.whl",".whl","0","0","13/08/2026 21:03:13","Model/File"
"G","G:\AI\E-zzio\.venv\Lib\site-packages\onnxruntime\datasets\sigmoid.onnx","sigmoid.onnx",".onnx","0","0","13/08/2026 21:03:28","Model/File"
"G","G:\AI\E-zzio\.venv\Lib\site-packages\onnxruntime\datasets\mul_1.onnx","mul_1.onnx",".onnx","0","0","13/08/2026 21:03:28","Model/File"
"G","G:\AI\E-zzio\.venv\Lib\site-packages\onnxruntime\datasets\logreg_iris.onnx","logreg_iris.onnx",".onnx","0","0","13/08/2026 21:03:28","Model/File"
"G","G:\AI\E-zzio\.venv\Lib\site-packages\scipy-1.17.1-cp311-cp311-win_amd64.whl","scipy-1.17.1-cp311-cp311-win_amd64.whl",".whl","0","0","13/08/2026 21:03:24","Model/File"
"G","G:\AI\E-zzio\.venv\Lib\site-packages\distutils-precedence.pth","distutils-precedence.pth",".pth","0","0","12/08/2026 10:45:36","Model/File"
"C","C:\Users\enrik\AppData\Local\zen\Profiles\45jchyg8.Default (release)\startupCache\urlCache.bin","urlCache.bin",".bin","0","0","22/07/2026 16:33:00","Model/File"
"C","C:\Users\enrik\AppData\Local\zen\Profiles\45jchyg8.Default (release)\startupCache\urlCache-current.bin","urlCache-current.bin",".bin","0","0","22/07/2026 15:01:04","Model/File"
"C","C:\Users\enrik\AppData\Local\zen\Profiles\45jchyg8.Default (release)\startupCache\scriptCache-child-current.bin","scriptCache-child-current.bin",".bin","0","0,3","22/07/2026 15:01:04","Model/File"
"C","C:\Users\enrik\AppData\Local\uv\cache\sdists-v9\editable\5f1b90d7dff4884f\tNCA1-J7jrw8IJgB\hermes_agent-0.18.2-0.editable-py3-none-any.whl","hermes_agent-0.18.2-0.editable-py3-none-any.whl",".whl","0","0","16/07/2026 15:27:05","Model/File"
"C","C:\Users\enrik\AppData\Local\uv\cache\archive-v0\T9yQXqrMKKRAEI9v\distutils-precedence.pth","distutils-precedence.pth",".pth","0","0","16/07/2026 15:26:53","Model/File"
"C","C:\Users\enrik\AppData\Local\uv\cache\archive-v0\sx7BjHkbJPbjYW_c\pywin32.pth","pywin32.pth",".pth","0","0","16/07/2026 15:26:54","Model/File"
"C","C:\Users\enrik\AppData\Local\uv\cache\archive-v0\KTY55-bOFPDUZYqo\__editable__.hermes_agent-0.18.2.pth","__editable__.hermes_agent-0.18.2.pth",".pth","0","0","16/07/2026 15:27:05","Model/File"
"C","C:\Users\enrik\AppData\Local\Ubisoft Game Launcher\cache\ulcf\cfCache.bin","cfCache.bin",".bin","0","0","14/08/2026 15:35:26","Model/File"
"C","C:\Users\enrik\AppData\Local\TopHeroes\packages\workDir\TopHeroes_Data\Plugins\x86_64\VuplexWebViewChromium\snapshot_blob.bin","snapshot_blob.bin",".bin","0","0,3","15/07/2026 14:48:37","Model/File"
"C","C:\Users\enrik\AppData\Local\TopHeroes\app-1.113.11\TopHeroes_Data\Plugins\x86_64\VuplexWebViewChromium\snapshot_blob.bin","snapshot_blob.bin",".bin","0","0,3","15/07/2026 14:48:37","Model/File"
"C","C:\Users\enrik\AppData\Local\Programs\Archon App\snapshot_blob.bin","snapshot_blob.bin",".bin","0","0,3","24/03/2026 19:14:22","Model/File"
